region;class_age90;jour;hosp;reanimation;retour dom;deces;;;;;;;
1;0;07/04/2020;34;17;43;8;;;;;;;
1;9;07/04/2020;0;0;0;0;;;;;;;
1;19;07/04/2020;0;0;0;0;;;;;;;
1;29;07/04/2020;0;0;1;0;;;;;;;
1;39;07/04/2020;1;1;3;0;;;;;;;
1;49;07/04/2020;3;1;3;0;;;;;;;
1;59;07/04/2020;2;2;16;0;;;;;;;
1;69;07/04/2020;12;7;9;1;;;;;;;
1;79;07/04/2020;9;5;3;4;;;;;;;
1;89;07/04/2020;7;1;7;3;;;;;;;
1;90;07/04/2020;0;0;0;0;;;;;;;
2;0;07/04/2020;51;19;41;4;;;;;;;
2;9;07/04/2020;0;0;0;0;;;;;;;
2;19;07/04/2020;0;0;0;0;;;;;;;
2;29;07/04/2020;1;0;2;0;;;;;;;
2;39;07/04/2020;1;0;2;0;;;;;;;
2;49;07/04/2020;5;0;10;0;;;;;;;
2;59;07/04/2020;13;8;9;0;;;;;;;
2;69;07/04/2020;15;6;9;0;;;;;;;
2;79;07/04/2020;12;4;7;1;;;;;;;
2;89;07/04/2020;4;1;2;3;;;;;;;
2;90;07/04/2020;0;0;0;0;;;;;;;
3;0;07/04/2020;7;1;8;0;;;;;;;
3;9;07/04/2020;0;0;0;0;;;;;;;
3;19;07/04/2020;0;0;0;0;;;;;;;
3;29;07/04/2020;1;0;0;0;;;;;;;
3;39;07/04/2020;0;0;1;0;;;;;;;
3;49;07/04/2020;2;0;4;0;;;;;;;
3;59;07/04/2020;0;0;1;0;;;;;;;
3;69;07/04/2020;2;0;1;0;;;;;;;
3;79;07/04/2020;0;0;0;0;;;;;;;
3;89;07/04/2020;1;1;1;0;;;;;;;
3;90;07/04/2020;0;0;0;0;;;;;;;
4;0;07/04/2020;37;4;52;0;;;;;;;
4;9;07/04/2020;0;0;0;0;;;;;;;
4;19;07/04/2020;0;0;1;0;;;;;;;
4;29;07/04/2020;3;0;7;0;;;;;;;
4;39;07/04/2020;1;0;10;0;;;;;;;
4;49;07/04/2020;3;0;5;0;;;;;;;
4;59;07/04/2020;11;2;9;0;;;;;;;
4;69;07/04/2020;8;1;11;0;;;;;;;
4;79;07/04/2020;5;1;9;0;;;;;;;
4;89;07/04/2020;6;0;0;0;;;;;;;
4;90;07/04/2020;0;0;0;0;;;;;;;
6;0;07/04/2020;16;3;17;2;;;;;;;
6;9;07/04/2020;0;0;0;0;;;;;;;
6;19;07/04/2020;0;0;0;0;;;;;;;
6;29;07/04/2020;2;0;1;0;;;;;;;
6;39;07/04/2020;0;0;3;0;;;;;;;
6;49;07/04/2020;2;1;4;1;;;;;;;
6;59;07/04/2020;2;0;6;1;;;;;;;
6;69;07/04/2020;5;2;2;0;;;;;;;
6;79;07/04/2020;2;0;0;0;;;;;;;
6;89;07/04/2020;3;0;1;0;;;;;;;
6;90;07/04/2020;0;0;0;0;;;;;;;
11;0;07/04/2020;12074;2601;6225;2627;;;;;;;
11;9;07/04/2020;0;0;0;0;;;;;;;
11;19;07/04/2020;34;10;47;1;;;;;;;
11;29;07/04/2020;166;27;284;3;;;;;;;
11;39;07/04/2020;518;135;708;15;;;;;;;
11;49;07/04/2020;1106;291;930;48;;;;;;;
11;59;07/04/2020;2063;722;1355;187;;;;;;;
11;69;07/04/2020;2495;861;1261;374;;;;;;;
11;79;07/04/2020;2416;475;856;653;;;;;;;
11;89;07/04/2020;2134;39;486;878;;;;;;;
11;90;07/04/2020;948;3;130;438;;;;;;;
24;0;07/04/2020;803;206;380;140;;;;;;;
24;9;07/04/2020;0;0;0;0;;;;;;;
24;19;07/04/2020;1;1;7;0;;;;;;;
24;29;07/04/2020;8;2;14;0;;;;;;;
24;39;07/04/2020;17;7;25;1;;;;;;;
24;49;07/04/2020;49;16;63;1;;;;;;;
24;59;07/04/2020;74;31;61;4;;;;;;;
24;69;07/04/2020;165;77;78;10;;;;;;;
24;79;07/04/2020;187;68;72;27;;;;;;;
24;89;07/04/2020;185;4;39;59;;;;;;;
24;90;07/04/2020;107;0;9;36;;;;;;;
27;0;07/04/2020;1212;295;1077;396;;;;;;;
27;9;07/04/2020;0;0;0;0;;;;;;;
27;19;07/04/2020;5;1;11;0;;;;;;;
27;29;07/04/2020;6;0;50;0;;;;;;;
27;39;07/04/2020;22;6;90;1;;;;;;;
27;49;07/04/2020;39;14;128;4;;;;;;;
27;59;07/04/2020;118;47;186;9;;;;;;;
27;69;07/04/2020;237;99;197;37;;;;;;;
27;79;07/04/2020;299;100;200;87;;;;;;;
27;89;07/04/2020;355;25;163;188;;;;;;;
27;90;07/04/2020;128;2;40;69;;;;;;;
28;0;07/04/2020;713;225;392;147;;;;;;;
28;9;07/04/2020;0;0;0;0;;;;;;;
28;19;07/04/2020;2;0;2;0;;;;;;;
28;29;07/04/2020;5;1;22;0;;;;;;;
28;39;07/04/2020;13;5;35;1;;;;;;;
28;49;07/04/2020;54;25;48;2;;;;;;;
28;59;07/04/2020;92;44;82;8;;;;;;;
28;69;07/04/2020;179;76;74;20;;;;;;;
28;79;07/04/2020;164;55;69;34;;;;;;;
28;89;07/04/2020;156;18;42;56;;;;;;;
28;90;07/04/2020;44;0;11;26;;;;;;;
32;0;07/04/2020;2336;583;1393;635;;;;;;;
32;9;07/04/2020;0;0;0;0;;;;;;;
32;19;07/04/2020;6;3;6;0;;;;;;;
32;29;07/04/2020;22;7;79;0;;;;;;;
32;39;07/04/2020;60;16;138;2;;;;;;;
32;49;07/04/2020;145;47;202;8;;;;;;;
32;59;07/04/2020;307;125;301;25;;;;;;;
32;69;07/04/2020;499;174;219;85;;;;;;;
32;79;07/04/2020;568;172;227;148;;;;;;;
32;89;07/04/2020;543;34;148;258;;;;;;;
32;90;07/04/2020;166;1;48;106;;;;;;;
44;0;07/04/2020;4819;950;3461;1674;;;;;;;
44;9;07/04/2020;0;0;0;0;;;;;;;
44;19;07/04/2020;7;1;26;0;;;;;;;
44;29;07/04/2020;47;8;155;1;;;;;;;
44;39;07/04/2020;105;24;227;6;;;;;;;
44;49;07/04/2020;206;60;350;17;;;;;;;
44;59;07/04/2020;562;167;587;49;;;;;;;
44;69;07/04/2020;1027;351;716;177;;;;;;;
44;79;07/04/2020;1210;293;684;457;;;;;;;
44;89;07/04/2020;1181;36;466;700;;;;;;;
44;90;07/04/2020;413;2;128;261;;;;;;;
52;0;07/04/2020;694;176;517;144;;;;;;;
52;9;07/04/2020;0;0;0;0;;;;;;;
52;19;07/04/2020;1;0;1;0;;;;;;;
52;29;07/04/2020;11;2;19;0;;;;;;;
52;39;07/04/2020;15;4;36;0;;;;;;;
52;49;07/04/2020;40;14;76;1;;;;;;;
52;59;07/04/2020;78;37;97;3;;;;;;;
52;69;07/04/2020;148;56;99;19;;;;;;;
52;79;07/04/2020;169;61;107;25;;;;;;;
52;89;07/04/2020;172;1;70;61;;;;;;;
52;90;07/04/2020;58;0;11;35;;;;;;;
53;0;07/04/2020;461;133;335;97;;;;;;;
53;9;07/04/2020;0;0;0;0;;;;;;;
53;19;07/04/2020;1;0;2;0;;;;;;;
53;29;07/04/2020;4;1;13;0;;;;;;;
53;39;07/04/2020;12;1;38;0;;;;;;;
53;49;07/04/2020;29;14;37;0;;;;;;;
53;59;07/04/2020;54;27;62;1;;;;;;;
53;69;07/04/2020;98;44;65;13;;;;;;;
53;79;07/04/2020;123;41;73;20;;;;;;;
53;89;07/04/2020;99;5;30;40;;;;;;;
53;90;07/04/2020;38;0;9;23;;;;;;;
75;0;07/04/2020;792;243;669;152;;;;;;;
75;9;07/04/2020;0;0;0;0;;;;;;;
75;19;07/04/2020;3;0;10;0;;;;;;;
75;29;07/04/2020;7;2;41;0;;;;;;;
75;39;07/04/2020;20;5;58;0;;;;;;;
75;49;07/04/2020;39;17;89;1;;;;;;;
75;59;07/04/2020;95;40;127;8;;;;;;;
75;69;07/04/2020;186;85;125;11;;;;;;;
75;79;07/04/2020;178;69;95;35;;;;;;;
75;89;07/04/2020;175;21;78;64;;;;;;;
75;90;07/04/2020;82;1;29;32;;;;;;;
76;0;07/04/2020;1031;336;914;180;;;;;;;
76;9;07/04/2020;0;0;0;0;;;;;;;
76;19;07/04/2020;2;1;7;0;;;;;;;
76;29;07/04/2020;9;2;56;1;;;;;;;
76;39;07/04/2020;24;4;88;0;;;;;;;
76;49;07/04/2020;65;17;126;1;;;;;;;
76;59;07/04/2020;127;59;198;7;;;;;;;
76;69;07/04/2020;233;106;152;14;;;;;;;
76;79;07/04/2020;287;121;172;41;;;;;;;
76;89;07/04/2020;202;24;79;87;;;;;;;
76;90;07/04/2020;81;2;20;29;;;;;;;
84;0;07/04/2020;2959;755;2125;600;;;;;;;
84;9;07/04/2020;0;0;0;0;;;;;;;
84;19;07/04/2020;10;2;17;0;;;;;;;
84;29;07/04/2020;27;3;113;0;;;;;;;
84;39;07/04/2020;54;14;187;2;;;;;;;
84;49;07/04/2020;121;33;257;7;;;;;;;
84;59;07/04/2020;309;119;385;17;;;;;;;
84;69;07/04/2020;563;248;387;32;;;;;;;
84;79;07/04/2020;768;268;381;143;;;;;;;
84;89;07/04/2020;729;48;276;258;;;;;;;
84;90;07/04/2020;325;2;62;128;;;;;;;
93;0;07/04/2020;1738;434;1574;253;;;;;;;
93;9;07/04/2020;0;0;0;0;;;;;;;
93;19;07/04/2020;6;1;27;0;;;;;;;
93;29;07/04/2020;32;6;126;2;;;;;;;
93;39;07/04/2020;52;5;167;1;;;;;;;
93;49;07/04/2020;104;29;263;2;;;;;;;
93;59;07/04/2020;269;82;331;12;;;;;;;
93;69;07/04/2020;366;115;290;19;;;;;;;
93;79;07/04/2020;411;140;186;60;;;;;;;
93;89;07/04/2020;333;34;113;107;;;;;;;
93;90;07/04/2020;131;2;40;48;;;;;;;
94;0;07/04/2020;94;23;113;32;;;;;;;
94;9;07/04/2020;0;0;0;0;;;;;;;
94;19;07/04/2020;0;0;4;0;;;;;;;
94;29;07/04/2020;0;0;14;0;;;;;;;
94;39;07/04/2020;2;1;13;0;;;;;;;
94;49;07/04/2020;4;1;17;1;;;;;;;
94;59;07/04/2020;11;2;20;1;;;;;;;
94;69;07/04/2020;14;8;17;2;;;;;;;
94;79;07/04/2020;25;7;12;7;;;;;;;
94;89;07/04/2020;27;4;7;16;;;;;;;
94;90;07/04/2020;10;0;5;5;;;;;;;
1;0;08/04/2020;33;16;46;10;;;;;;;
1;9;08/04/2020;0;0;0;0;;;;;;;
1;19;08/04/2020;0;0;0;0;;;;;;;
1;29;08/04/2020;0;0;1;0;;;;;;;
1;39;08/04/2020;1;1;3;0;;;;;;;
1;49;08/04/2020;2;1;4;0;;;;;;;
1;59;08/04/2020;3;2;16;1;;;;;;;
1;69;08/04/2020;11;5;10;2;;;;;;;
1;79;08/04/2020;8;5;4;4;;;;;;;
1;89;08/04/2020;8;2;7;3;;;;;;;
1;90;08/04/2020;0;0;0;0;;;;;;;
2;0;08/04/2020;49;19;43;4;;;;;;;
2;9;08/04/2020;0;0;0;0;;;;;;;
2;19;08/04/2020;0;0;0;0;;;;;;;
2;29;08/04/2020;1;0;2;0;;;;;;;
2;39;08/04/2020;1;0;2;0;;;;;;;
2;49;08/04/2020;4;0;11;0;;;;;;;
2;59;08/04/2020;13;8;9;0;;;;;;;
2;69;08/04/2020;15;5;9;0;;;;;;;
2;79;08/04/2020;11;5;8;1;;;;;;;
2;89;08/04/2020;4;1;2;3;;;;;;;
2;90;08/04/2020;0;0;0;0;;;;;;;
3;0;08/04/2020;9;1;8;0;;;;;;;
3;9;08/04/2020;0;0;0;0;;;;;;;
3;19;08/04/2020;0;0;0;0;;;;;;;
3;29;08/04/2020;1;0;0;0;;;;;;;
3;39;08/04/2020;1;0;1;0;;;;;;;
3;49;08/04/2020;3;0;3;0;;;;;;;
3;59;08/04/2020;0;0;1;0;;;;;;;
3;69;08/04/2020;2;0;1;0;;;;;;;
3;79;08/04/2020;0;0;0;0;;;;;;;
3;89;08/04/2020;1;1;1;0;;;;;;;
3;90;08/04/2020;0;0;0;0;;;;;;;
4;0;08/04/2020;39;4;55;0;;;;;;;
4;9;08/04/2020;0;0;0;0;;;;;;;
4;19;08/04/2020;1;0;1;0;;;;;;;
4;29;08/04/2020;2;0;9;0;;;;;;;
4;39;08/04/2020;2;0;11;0;;;;;;;
4;49;08/04/2020;3;0;5;0;;;;;;;
4;59;08/04/2020;12;2;9;0;;;;;;;
4;69;08/04/2020;8;1;11;0;;;;;;;
4;79;08/04/2020;5;1;9;0;;;;;;;
4;89;08/04/2020;6;0;0;0;;;;;;;
4;90;08/04/2020;0;0;0;0;;;;;;;
6;0;08/04/2020;15;4;25;2;;;;;;;
6;9;08/04/2020;0;0;0;0;;;;;;;
6;19;08/04/2020;0;0;1;0;;;;;;;
6;29;08/04/2020;1;0;2;0;;;;;;;
6;39;08/04/2020;0;0;3;0;;;;;;;
6;49;08/04/2020;2;1;7;1;;;;;;;
6;59;08/04/2020;2;1;7;1;;;;;;;
6;69;08/04/2020;7;2;2;0;;;;;;;
6;79;08/04/2020;1;0;1;0;;;;;;;
6;89;08/04/2020;2;0;2;0;;;;;;;
6;90;08/04/2020;0;0;0;0;;;;;;;
11;0;08/04/2020;12479;2668;6857;2850;;;;;;;
11;9;08/04/2020;0;0;0;0;;;;;;;
11;19;08/04/2020;34;11;52;1;;;;;;;
11;29;08/04/2020;174;30;301;3;;;;;;;
11;39;08/04/2020;526;133;761;17;;;;;;;
11;49;08/04/2020;1104;299;1027;49;;;;;;;
11;59;08/04/2020;2090;732;1475;202;;;;;;;
11;69;08/04/2020;2542;888;1387;406;;;;;;;
11;79;08/04/2020;2500;496;989;705;;;;;;;
11;89;08/04/2020;2260;37;550;953;;;;;;;
11;90;08/04/2020;1053;3;139;484;;;;;;;
24;0;08/04/2020;837;213;435;154;;;;;;;
24;9;08/04/2020;0;0;0;0;;;;;;;
24;19;08/04/2020;0;0;8;0;;;;;;;
24;29;08/04/2020;11;2;15;0;;;;;;;
24;39;08/04/2020;20;8;27;1;;;;;;;
24;49;08/04/2020;44;16;70;1;;;;;;;
24;59;08/04/2020;82;32;70;4;;;;;;;
24;69;08/04/2020;162;77;94;10;;;;;;;
24;79;08/04/2020;194;71;82;32;;;;;;;
24;89;08/04/2020;202;7;48;65;;;;;;;
24;90;08/04/2020;112;0;9;39;;;;;;;
27;0;08/04/2020;1227;292;1160;412;;;;;;;
27;9;08/04/2020;0;0;0;0;;;;;;;
27;19;08/04/2020;4;1;12;0;;;;;;;
27;29;08/04/2020;6;0;51;0;;;;;;;
27;39;08/04/2020;22;7;93;2;;;;;;;
27;49;08/04/2020;36;14;138;4;;;;;;;
27;59;08/04/2020;117;47;197;9;;;;;;;
27;69;08/04/2020;246;100;215;37;;;;;;;
27;79;08/04/2020;299;97;213;89;;;;;;;
27;89;08/04/2020;359;23;183;195;;;;;;;
27;90;08/04/2020;136;2;45;75;;;;;;;
28;0;08/04/2020;680;213;453;165;;;;;;;
28;9;08/04/2020;0;0;0;0;;;;;;;
28;19;08/04/2020;2;0;2;0;;;;;;;
28;29;08/04/2020;5;0;24;0;;;;;;;
28;39;08/04/2020;10;6;41;1;;;;;;;
28;49;08/04/2020;52;25;56;2;;;;;;;
28;59;08/04/2020;88;45;94;9;;;;;;;
28;69;08/04/2020;169;70;88;22;;;;;;;
28;79;08/04/2020;160;52;77;36;;;;;;;
28;89;08/04/2020;146;15;51;65;;;;;;;
28;90;08/04/2020;45;0;13;30;;;;;;;
32;0;08/04/2020;2366;573;1575;679;;;;;;;
32;9;08/04/2020;0;0;0;0;;;;;;;
32;19;08/04/2020;6;3;9;0;;;;;;;
32;29;08/04/2020;22;7;85;0;;;;;;;
32;39;08/04/2020;57;15;153;2;;;;;;;
32;49;08/04/2020;144;47;222;8;;;;;;;
32;59;08/04/2020;301;113;335;29;;;;;;;
32;69;08/04/2020;492;180;265;87;;;;;;;
32;79;08/04/2020;568;169;261;158;;;;;;;
32;89;08/04/2020;578;31;164;275;;;;;;;
32;90;08/04/2020;175;1;54;116;;;;;;;
44;0;08/04/2020;4708;937;3797;1781;;;;;;;
44;9;08/04/2020;0;0;0;0;;;;;;;
44;19;08/04/2020;12;2;26;0;;;;;;;
44;29;08/04/2020;43;6;167;1;;;;;;;
44;39;08/04/2020;97;27;250;7;;;;;;;
44;49;08/04/2020;203;58;371;20;;;;;;;
44;59;08/04/2020;529;168;651;54;;;;;;;
44;69;08/04/2020;982;345;802;186;;;;;;;
44;79;08/04/2020;1178;286;745;487;;;;;;;
44;89;08/04/2020;1184;38;514;740;;;;;;;
44;90;08/04/2020;428;1;143;280;;;;;;;
52;0;08/04/2020;700;178;570;153;;;;;;;
52;9;08/04/2020;0;0;0;0;;;;;;;
52;19;08/04/2020;1;0;1;0;;;;;;;
52;29;08/04/2020;8;2;22;0;;;;;;;
52;39;08/04/2020;17;5;41;0;;;;;;;
52;49;08/04/2020;36;12;83;1;;;;;;;
52;59;08/04/2020;81;37;101;3;;;;;;;
52;69;08/04/2020;141;54;110;19;;;;;;;
52;79;08/04/2020;168;65;122;28;;;;;;;
52;89;08/04/2020;178;1;75;66;;;;;;;
52;90;08/04/2020;68;1;14;36;;;;;;;
53;0;08/04/2020;484;136;373;107;;;;;;;
53;9;08/04/2020;0;0;0;0;;;;;;;
53;19;08/04/2020;0;0;3;0;;;;;;;
53;29;08/04/2020;6;1;13;0;;;;;;;
53;39;08/04/2020;12;1;44;0;;;;;;;
53;49;08/04/2020;31;14;43;0;;;;;;;
53;59;08/04/2020;65;29;66;1;;;;;;;
53;69;08/04/2020;96;44;73;14;;;;;;;
53;79;08/04/2020;130;42;80;21;;;;;;;
53;89;08/04/2020;99;5;35;46;;;;;;;
53;90;08/04/2020;42;0;9;25;;;;;;;
75;0;08/04/2020;797;242;739;165;;;;;;;
75;9;08/04/2020;0;0;0;0;;;;;;;
75;19;08/04/2020;3;0;11;0;;;;;;;
75;29;08/04/2020;10;1;46;0;;;;;;;
75;39;08/04/2020;19;5;63;0;;;;;;;
75;49;08/04/2020;39;17;95;1;;;;;;;
75;59;08/04/2020;88;40;142;8;;;;;;;
75;69;08/04/2020;180;81;138;11;;;;;;;
75;79;08/04/2020;176;75;108;36;;;;;;;
75;89;08/04/2020;185;19;87;73;;;;;;;
75;90;08/04/2020;90;0;31;35;;;;;;;
76;0;08/04/2020;1000;329;993;195;;;;;;;
76;9;08/04/2020;0;0;0;0;;;;;;;
76;19;08/04/2020;2;1;7;0;;;;;;;
76;29;08/04/2020;8;2;56;1;;;;;;;
76;39;08/04/2020;20;5;94;0;;;;;;;
76;49;08/04/2020;63;17;134;1;;;;;;;
76;59;08/04/2020;128;60;210;7;;;;;;;
76;69;08/04/2020;223;105;170;17;;;;;;;
76;79;08/04/2020;270;113;192;43;;;;;;;
76;89;08/04/2020;206;23;92;93;;;;;;;
76;90;08/04/2020;80;3;22;33;;;;;;;
84;0;08/04/2020;2908;736;2330;654;;;;;;;
84;9;08/04/2020;0;0;0;0;;;;;;;
84;19;08/04/2020;9;3;18;0;;;;;;;
84;29;08/04/2020;22;3;121;0;;;;;;;
84;39;08/04/2020;48;13;200;4;;;;;;;
84;49;08/04/2020;115;31;279;8;;;;;;;
84;59;08/04/2020;284;112;425;20;;;;;;;
84;69;08/04/2020;547;245;432;34;;;;;;;
84;79;08/04/2020;746;264;422;156;;;;;;;
84;89;08/04/2020;738;44;303;280;;;;;;;
84;90;08/04/2020;351;4;68;138;;;;;;;
93;0;08/04/2020;1796;437;1684;269;;;;;;;
93;9;08/04/2020;0;0;0;0;;;;;;;
93;19;08/04/2020;9;1;27;0;;;;;;;
93;29;08/04/2020;34;6;133;1;;;;;;;
93;39;08/04/2020;58;7;174;1;;;;;;;
93;49;08/04/2020;99;28;278;2;;;;;;;
93;59;08/04/2020;271;80;345;13;;;;;;;
93;69;08/04/2020;366;110;315;21;;;;;;;
93;79;08/04/2020;424;146;202;66;;;;;;;
93;89;08/04/2020;365;38;131;110;;;;;;;
93;90;08/04/2020;136;2;46;52;;;;;;;
94;0;08/04/2020;90;21;110;32;;;;;;;
94;9;08/04/2020;0;0;0;0;;;;;;;
94;19;08/04/2020;0;0;4;0;;;;;;;
94;29;08/04/2020;0;0;14;0;;;;;;;
94;39;08/04/2020;2;1;12;0;;;;;;;
94;49;08/04/2020;3;0;15;1;;;;;;;
94;59;08/04/2020;12;3;21;1;;;;;;;
94;69;08/04/2020;14;8;17;2;;;;;;;
94;79;08/04/2020;25;6;11;7;;;;;;;
94;89;08/04/2020;25;3;8;16;;;;;;;
94;90;08/04/2020;9;0;5;5;;;;;;;
1;0;09/04/2020;33;17;49;10;;;;;;;
1;9;09/04/2020;0;0;0;0;;;;;;;
1;19;09/04/2020;0;0;0;0;;;;;;;
1;29;09/04/2020;0;0;1;0;;;;;;;
1;39;09/04/2020;1;1;3;0;;;;;;;
1;49;09/04/2020;3;2;4;0;;;;;;;
1;59;09/04/2020;4;2;16;1;;;;;;;
1;69;09/04/2020;10;5;11;2;;;;;;;
1;79;09/04/2020;8;6;5;4;;;;;;;
1;89;09/04/2020;7;1;8;3;;;;;;;
1;90;09/04/2020;0;0;0;0;;;;;;;
2;0;09/04/2020;47;17;45;5;;;;;;;
2;9;09/04/2020;0;0;0;0;;;;;;;
2;19;09/04/2020;0;0;0;0;;;;;;;
2;29;09/04/2020;1;0;2;0;;;;;;;
2;39;09/04/2020;1;0;2;0;;;;;;;
2;49;09/04/2020;4;0;11;0;;;;;;;
2;59;09/04/2020;13;8;9;0;;;;;;;
2;69;09/04/2020;13;4;11;0;;;;;;;
2;79;09/04/2020;11;5;8;1;;;;;;;
2;89;09/04/2020;3;0;2;4;;;;;;;
2;90;09/04/2020;1;0;0;0;;;;;;;
3;0;09/04/2020;9;1;12;0;;;;;;;
3;9;09/04/2020;0;0;0;0;;;;;;;
3;19;09/04/2020;0;0;0;0;;;;;;;
3;29;09/04/2020;0;0;1;0;;;;;;;
3;39;09/04/2020;0;0;2;0;;;;;;;
3;49;09/04/2020;3;0;5;0;;;;;;;
3;59;09/04/2020;1;0;1;0;;;;;;;
3;69;09/04/2020;2;0;1;0;;;;;;;
3;79;09/04/2020;1;0;0;0;;;;;;;
3;89;09/04/2020;1;1;1;0;;;;;;;
3;90;09/04/2020;0;0;0;0;;;;;;;
4;0;09/04/2020;36;3;58;0;;;;;;;
4;9;09/04/2020;0;0;0;0;;;;;;;
4;19;09/04/2020;1;0;1;0;;;;;;;
4;29;09/04/2020;2;0;9;0;;;;;;;
4;39;09/04/2020;1;0;12;0;;;;;;;
4;49;09/04/2020;2;0;6;0;;;;;;;
4;59;09/04/2020;11;1;10;0;;;;;;;
4;69;09/04/2020;8;1;11;0;;;;;;;
4;79;09/04/2020;5;1;9;0;;;;;;;
4;89;09/04/2020;6;0;0;0;;;;;;;
4;90;09/04/2020;0;0;0;0;;;;;;;
6;0;09/04/2020;16;4;26;2;;;;;;;
6;9;09/04/2020;0;0;0;0;;;;;;;
6;19;09/04/2020;0;0;1;0;;;;;;;
6;29;09/04/2020;1;0;2;0;;;;;;;
6;39;09/04/2020;0;0;4;0;;;;;;;
6;49;09/04/2020;2;1;7;1;;;;;;;
6;59;09/04/2020;2;1;7;1;;;;;;;
6;69;09/04/2020;7;2;2;0;;;;;;;
6;79;09/04/2020;2;0;1;0;;;;;;;
6;89;09/04/2020;2;0;2;0;;;;;;;
6;90;09/04/2020;0;0;0;0;;;;;;;
11;0;09/04/2020;12681;2654;7620;3040;;;;;;;
11;9;09/04/2020;0;0;0;0;;;;;;;
11;19;09/04/2020;35;10;59;1;;;;;;;
11;29;09/04/2020;177;31;321;3;;;;;;;
11;39;09/04/2020;541;131;812;19;;;;;;;
11;49;09/04/2020;1065;301;1149;54;;;;;;;
11;59;09/04/2020;2045;702;1645;215;;;;;;;
11;69;09/04/2020;2558;901;1557;431;;;;;;;
11;79;09/04/2020;2559;500;1108;760;;;;;;;
11;89;09/04/2020;2379;38;622;1002;;;;;;;
11;90;09/04/2020;1123;3;159;524;;;;;;;
24;0;09/04/2020;864;207;474;164;;;;;;;
24;9;09/04/2020;0;0;0;0;;;;;;;
24;19;09/04/2020;0;0;8;0;;;;;;;
24;29;09/04/2020;10;2;16;0;;;;;;;
24;39;09/04/2020;22;8;28;1;;;;;;;
24;49;09/04/2020;47;15;73;1;;;;;;;
24;59;09/04/2020;77;32;78;4;;;;;;;
24;69;09/04/2020;158;74;100;11;;;;;;;
24;79;09/04/2020;201;69;90;32;;;;;;;
24;89;09/04/2020;211;6;56;69;;;;;;;
24;90;09/04/2020;128;1;12;44;;;;;;;
27;0;09/04/2020;1211;283;1237;427;;;;;;;
27;9;09/04/2020;0;0;0;0;;;;;;;
27;19;09/04/2020;3;1;13;0;;;;;;;
27;29;09/04/2020;6;0;51;0;;;;;;;
27;39;09/04/2020;23;5;96;2;;;;;;;
27;49;09/04/2020;36;12;142;4;;;;;;;
27;59;09/04/2020;114;47;204;9;;;;;;;
27;69;09/04/2020;239;100;235;37;;;;;;;
27;79;09/04/2020;286;94;233;94;;;;;;;
27;89;09/04/2020;365;22;196;201;;;;;;;
27;90;09/04/2020;136;1;54;79;;;;;;;
28;0;09/04/2020;697;212;478;179;;;;;;;
28;9;09/04/2020;0;0;0;0;;;;;;;
28;19;09/04/2020;1;0;2;0;;;;;;;
28;29;09/04/2020;5;0;26;0;;;;;;;
28;39;09/04/2020;11;7;42;1;;;;;;;
28;49;09/04/2020;51;26;59;3;;;;;;;
28;59;09/04/2020;92;44;95;10;;;;;;;
28;69;09/04/2020;163;68;94;27;;;;;;;
28;79;09/04/2020;167;52;83;38;;;;;;;
28;89;09/04/2020;153;15;55;70;;;;;;;
28;90;09/04/2020;53;0;13;30;;;;;;;
32;0;09/04/2020;2429;580;1703;715;;;;;;;
32;9;09/04/2020;0;0;0;0;;;;;;;
32;19;09/04/2020;7;3;9;0;;;;;;;
32;29;09/04/2020;23;7;91;0;;;;;;;
32;39;09/04/2020;57;14;157;2;;;;;;;
32;49;09/04/2020;142;49;236;8;;;;;;;
32;59;09/04/2020;302;113;355;30;;;;;;;
32;69;09/04/2020;492;180;294;92;;;;;;;
32;79;09/04/2020;570;170;290;164;;;;;;;
32;89;09/04/2020;610;35;182;294;;;;;;;
32;90;09/04/2020;201;2;61;121;;;;;;;
44;0;09/04/2020;4769;916;4160;1854;;;;;;;
44;9;09/04/2020;0;0;0;0;;;;;;;
44;19;09/04/2020;11;1;33;0;;;;;;;
44;29;09/04/2020;39;7;175;2;;;;;;;
44;39;09/04/2020;100;27;266;8;;;;;;;
44;49;09/04/2020;200;56;403;21;;;;;;;
44;59;09/04/2020;517;162;710;56;;;;;;;
44;69;09/04/2020;979;342;875;187;;;;;;;
44;79;09/04/2020;1176;277;835;506;;;;;;;
44;89;09/04/2020;1247;38;566;771;;;;;;;
44;90;09/04/2020;454;1;154;297;;;;;;;
52;0;09/04/2020;741;176;615;158;;;;;;;
52;9;09/04/2020;0;0;0;0;;;;;;;
52;19;09/04/2020;1;0;1;0;;;;;;;
52;29;09/04/2020;13;2;23;0;;;;;;;
52;39;09/04/2020;18;5;43;0;;;;;;;
52;49;09/04/2020;33;12;89;1;;;;;;;
52;59;09/04/2020;80;39;111;3;;;;;;;
52;69;09/04/2020;145;51;120;19;;;;;;;
52;79;09/04/2020;166;63;131;28;;;;;;;
52;89;09/04/2020;198;1;80;68;;;;;;;
52;90;09/04/2020;84;1;16;39;;;;;;;
53;0;09/04/2020;493;133;397;109;;;;;;;
53;9;09/04/2020;0;0;0;0;;;;;;;
53;19;09/04/2020;1;0;3;0;;;;;;;
53;29;09/04/2020;7;1;13;0;;;;;;;
53;39;09/04/2020;11;1;45;0;;;;;;;
53;49;09/04/2020;30;12;46;0;;;;;;;
53;59;09/04/2020;64;28;69;1;;;;;;;
53;69;09/04/2020;96;44;78;14;;;;;;;
53;79;09/04/2020;129;43;89;22;;;;;;;
53;89;09/04/2020;105;4;37;47;;;;;;;
53;90;09/04/2020;47;0;10;25;;;;;;;
75;0;09/04/2020;792;241;789;173;;;;;;;
75;9;09/04/2020;0;0;0;0;;;;;;;
75;19;09/04/2020;2;0;11;0;;;;;;;
75;29;09/04/2020;6;2;49;1;;;;;;;
75;39;09/04/2020;15;5;68;0;;;;;;;
75;49;09/04/2020;37;14;98;1;;;;;;;
75;59;09/04/2020;87;43;150;8;;;;;;;
75;69;09/04/2020;172;77;150;12;;;;;;;
75;79;09/04/2020;175;75;115;38;;;;;;;
75;89;09/04/2020;194;21;92;75;;;;;;;
75;90;09/04/2020;95;0;38;37;;;;;;;
76;0;09/04/2020;992;328;1081;203;;;;;;;
76;9;09/04/2020;0;0;0;0;;;;;;;
76;19;09/04/2020;2;1;7;0;;;;;;;
76;29;09/04/2020;8;2;60;1;;;;;;;
76;39;09/04/2020;17;5;98;0;;;;;;;
76;49;09/04/2020;63;17;143;1;;;;;;;
76;59;09/04/2020;120;57;229;7;;;;;;;
76;69;09/04/2020;212;104;194;18;;;;;;;
76;79;09/04/2020;261;113;208;44;;;;;;;
76;89;09/04/2020;225;26;99;98;;;;;;;
76;90;09/04/2020;83;3;27;34;;;;;;;
84;0;09/04/2020;2962;720;2508;685;;;;;;;
84;9;09/04/2020;0;0;0;0;;;;;;;
84;19;09/04/2020;8;1;20;0;;;;;;;
84;29;09/04/2020;24;5;123;0;;;;;;;
84;39;09/04/2020;47;11;206;4;;;;;;;
84;49;09/04/2020;108;28;295;8;;;;;;;
84;59;09/04/2020;277;106;451;21;;;;;;;
84;69;09/04/2020;529;245;472;38;;;;;;;
84;79;09/04/2020;738;262;465;161;;;;;;;
84;89;09/04/2020;796;45;334;294;;;;;;;
84;90;09/04/2020;386;2;79;145;;;;;;;
93;0;09/04/2020;1748;426;1841;286;;;;;;;
93;9;09/04/2020;0;0;0;0;;;;;;;
93;19;09/04/2020;6;1;30;0;;;;;;;
93;29;09/04/2020;32;5;138;1;;;;;;;
93;39;09/04/2020;52;8;185;1;;;;;;;
93;49;09/04/2020;89;24;293;3;;;;;;;
93;59;09/04/2020;240;75;383;15;;;;;;;
93;69;09/04/2020;348;109;341;21;;;;;;;
93;79;09/04/2020;429;146;229;69;;;;;;;
93;89;09/04/2020;376;35;156;117;;;;;;;
93;90;09/04/2020;144;3;51;56;;;;;;;
94;0;09/04/2020;88;19;112;34;;;;;;;
94;9;09/04/2020;0;0;0;0;;;;;;;
94;19;09/04/2020;1;1;4;0;;;;;;;
94;29;09/04/2020;0;0;14;0;;;;;;;
94;39;09/04/2020;2;1;12;0;;;;;;;
94;49;09/04/2020;4;0;15;1;;;;;;;
94;59;09/04/2020;12;3;21;1;;;;;;;
94;69;09/04/2020;13;7;18;2;;;;;;;
94;79;09/04/2020;25;5;11;7;;;;;;;
94;89;09/04/2020;22;2;9;18;;;;;;;
94;90;09/04/2020;9;0;5;5;;;;;;;
1;0;10/04/2020;33;19;50;10;;;;;;;
1;9;10/04/2020;0;0;0;0;;;;;;;
1;19;10/04/2020;0;0;0;0;;;;;;;
1;29;10/04/2020;0;0;1;0;;;;;;;
1;39;10/04/2020;1;1;3;0;;;;;;;
1;49;10/04/2020;3;3;4;0;;;;;;;
1;59;10/04/2020;4;2;16;1;;;;;;;
1;69;10/04/2020;8;4;13;2;;;;;;;
1;79;10/04/2020;9;7;5;4;;;;;;;
1;89;10/04/2020;8;2;7;3;;;;;;;
1;90;10/04/2020;0;0;0;0;;;;;;;
2;0;10/04/2020;44;16;48;5;;;;;;;
2;9;10/04/2020;0;0;0;0;;;;;;;
2;19;10/04/2020;0;0;0;0;;;;;;;
2;29;10/04/2020;1;0;2;0;;;;;;;
2;39;10/04/2020;1;0;2;0;;;;;;;
2;49;10/04/2020;4;0;11;0;;;;;;;
2;59;10/04/2020;13;7;9;0;;;;;;;
2;69;10/04/2020;11;4;13;0;;;;;;;
2;79;10/04/2020;11;5;8;1;;;;;;;
2;89;10/04/2020;2;0;3;4;;;;;;;
2;90;10/04/2020;1;0;0;0;;;;;;;
3;0;10/04/2020;9;1;13;0;;;;;;;
3;9;10/04/2020;0;0;0;0;;;;;;;
3;19;10/04/2020;0;0;0;0;;;;;;;
3;29;10/04/2020;0;0;1;0;;;;;;;
3;39;10/04/2020;0;0;2;0;;;;;;;
3;49;10/04/2020;4;0;5;0;;;;;;;
3;59;10/04/2020;0;0;2;0;;;;;;;
3;69;10/04/2020;2;0;1;0;;;;;;;
3;79;10/04/2020;1;0;0;0;;;;;;;
3;89;10/04/2020;1;1;1;0;;;;;;;
3;90;10/04/2020;0;0;0;0;;;;;;;
4;0;10/04/2020;42;3;58;0;;;;;;;
4;9;10/04/2020;0;0;0;0;;;;;;;
4;19;10/04/2020;2;0;1;0;;;;;;;
4;29;10/04/2020;3;0;9;0;;;;;;;
4;39;10/04/2020;1;0;12;0;;;;;;;
4;49;10/04/2020;4;0;6;0;;;;;;;
4;59;10/04/2020;11;1;10;0;;;;;;;
4;69;10/04/2020;9;1;11;0;;;;;;;
4;79;10/04/2020;5;1;9;0;;;;;;;
4;89;10/04/2020;7;0;0;0;;;;;;;
4;90;10/04/2020;0;0;0;0;;;;;;;
6;0;10/04/2020;20;4;24;2;;;;;;;
6;9;10/04/2020;0;0;0;0;;;;;;;
6;19;10/04/2020;0;0;1;0;;;;;;;
6;29;10/04/2020;1;0;2;0;;;;;;;
6;39;10/04/2020;2;0;3;0;;;;;;;
6;49;10/04/2020;2;1;7;1;;;;;;;
6;59;10/04/2020;2;1;7;1;;;;;;;
6;69;10/04/2020;8;2;2;0;;;;;;;
6;79;10/04/2020;2;0;1;0;;;;;;;
6;89;10/04/2020;3;0;1;0;;;;;;;
6;90;10/04/2020;0;0;0;0;;;;;;;
11;0;10/04/2020;12861;2665;8313;3300;;;;;;;
11;9;10/04/2020;0;0;0;0;;;;;;;
11;19;10/04/2020;34;10;63;1;;;;;;;
11;29;10/04/2020;179;29;341;3;;;;;;;
11;39;10/04/2020;531;125;863;21;;;;;;;
11;49;10/04/2020;1050;296;1235;58;;;;;;;
11;59;10/04/2020;2028;707;1800;231;;;;;;;
11;69;10/04/2020;2561;904;1707;461;;;;;;;
11;79;10/04/2020;2616;512;1214;828;;;;;;;
11;89;10/04/2020;2473;39;707;1086;;;;;;;
11;90;10/04/2020;1191;4;180;577;;;;;;;
24;0;10/04/2020;894;210;528;179;;;;;;;
24;9;10/04/2020;0;0;0;0;;;;;;;
24;19;10/04/2020;2;1;8;0;;;;;;;
24;29;10/04/2020;10;2;17;0;;;;;;;
24;39;10/04/2020;20;8;33;1;;;;;;;
24;49;10/04/2020;46;15;75;2;;;;;;;
24;59;10/04/2020;80;37;85;4;;;;;;;
24;69;10/04/2020;158;72;114;12;;;;;;;
24;79;10/04/2020;204;69;101;35;;;;;;;
24;89;10/04/2020;224;5;66;73;;;;;;;
24;90;10/04/2020;141;1;15;50;;;;;;;
27;0;10/04/2020;1282;290;1309;459;;;;;;;
27;9;10/04/2020;0;0;0;0;;;;;;;
27;19;10/04/2020;3;1;13;0;;;;;;;
27;29;10/04/2020;4;0;53;0;;;;;;;
27;39;10/04/2020;21;5;103;2;;;;;;;
27;49;10/04/2020;33;13;149;4;;;;;;;
27;59;10/04/2020;115;50;215;9;;;;;;;
27;69;10/04/2020;249;103;251;38;;;;;;;
27;79;10/04/2020;305;94;243;98;;;;;;;
27;89;10/04/2020;393;22;210;220;;;;;;;
27;90;10/04/2020;156;1;59;87;;;;;;;
28;0;10/04/2020;741;210;512;188;;;;;;;
28;9;10/04/2020;0;0;0;0;;;;;;;
28;19;10/04/2020;1;0;3;0;;;;;;;
28;29;10/04/2020;7;0;27;0;;;;;;;
28;39;10/04/2020;12;6;47;1;;;;;;;
28;49;10/04/2020;52;24;65;3;;;;;;;
28;59;10/04/2020;92;43;99;11;;;;;;;
28;69;10/04/2020;164;65;99;29;;;;;;;
28;79;10/04/2020;176;56;93;39;;;;;;;
28;89;10/04/2020;168;15;58;73;;;;;;;
28;90;10/04/2020;67;0;13;32;;;;;;;
32;0;10/04/2020;2456;564;1873;762;;;;;;;
32;9;10/04/2020;0;0;0;0;;;;;;;
32;19;10/04/2020;7;3;9;0;;;;;;;
32;29;10/04/2020;23;4;94;0;;;;;;;
32;39;10/04/2020;57;12;163;2;;;;;;;
32;49;10/04/2020;136;46;255;8;;;;;;;
32;59;10/04/2020;299;111;385;32;;;;;;;
32;69;10/04/2020;482;180;334;96;;;;;;;
32;79;10/04/2020;564;163;327;178;;;;;;;
32;89;10/04/2020;638;36;209;312;;;;;;;
32;90;10/04/2020;223;3;69;130;;;;;;;
44;0;10/04/2020;4899;889;4445;1952;;;;;;;
44;9;10/04/2020;0;0;0;0;;;;;;;
44;19;10/04/2020;13;1;36;0;;;;;;;
44;29;10/04/2020;40;8;182;2;;;;;;;
44;39;10/04/2020;95;22;279;10;;;;;;;
44;49;10/04/2020;204;51;430;24;;;;;;;
44;59;10/04/2020;519;162;768;57;;;;;;;
44;69;10/04/2020;987;331;937;193;;;;;;;
44;79;10/04/2020;1196;272;898;525;;;;;;;
44;89;10/04/2020;1305;37;598;815;;;;;;;
44;90;10/04/2020;494;0;169;320;;;;;;;
52;0;10/04/2020;772;180;641;169;;;;;;;
52;9;10/04/2020;0;0;0;0;;;;;;;
52;19;10/04/2020;0;0;2;0;;;;;;;
52;29;10/04/2020;11;2;26;0;;;;;;;
52;39;10/04/2020;20;7;46;0;;;;;;;
52;49;10/04/2020;33;14;94;1;;;;;;;
52;59;10/04/2020;79;40;117;5;;;;;;;
52;69;10/04/2020;149;53;124;20;;;;;;;
52;79;10/04/2020;170;61;134;28;;;;;;;
52;89;10/04/2020;217;1;80;71;;;;;;;
52;90;10/04/2020;91;1;16;44;;;;;;;
53;0;10/04/2020;490;127;431;121;;;;;;;
53;9;10/04/2020;0;0;0;0;;;;;;;
53;19;10/04/2020;1;0;3;0;;;;;;;
53;29;10/04/2020;5;1;16;0;;;;;;;
53;39;10/04/2020;10;1;48;0;;;;;;;
53;49;10/04/2020;30;11;47;0;;;;;;;
53;59;10/04/2020;67;29;73;1;;;;;;;
53;69;10/04/2020;90;42;86;16;;;;;;;
53;79;10/04/2020;129;40;97;25;;;;;;;
53;89;10/04/2020;101;3;42;52;;;;;;;
53;90;10/04/2020;54;0;10;27;;;;;;;
75;0;10/04/2020;775;229;742;174;;;;;;;
75;9;10/04/2020;0;0;0;0;;;;;;;
75;19;10/04/2020;2;0;7;0;;;;;;;
75;29;10/04/2020;6;2;36;1;;;;;;;
75;39;10/04/2020;17;5;57;0;;;;;;;
75;49;10/04/2020;37;16;79;1;;;;;;;
75;59;10/04/2020;87;41;146;8;;;;;;;
75;69;10/04/2020;162;72;161;13;;;;;;;
75;79;10/04/2020;171;73;119;36;;;;;;;
75;89;10/04/2020;189;18;87;78;;;;;;;
75;90;10/04/2020;99;0;35;36;;;;;;;
76;0;10/04/2020;958;314;1187;222;;;;;;;
76;9;10/04/2020;0;0;0;0;;;;;;;
76;19;10/04/2020;2;1;9;0;;;;;;;
76;29;10/04/2020;6;1;67;1;;;;;;;
76;39;10/04/2020;19;5;100;0;;;;;;;
76;49;10/04/2020;52;13;159;1;;;;;;;
76;59;10/04/2020;119;53;243;8;;;;;;;
76;69;10/04/2020;202;98;214;20;;;;;;;
76;79;10/04/2020;254;114;226;48;;;;;;;
76;89;10/04/2020;215;28;121;104;;;;;;;
76;90;10/04/2020;87;1;32;40;;;;;;;
84;0;10/04/2020;2950;698;2691;721;;;;;;;
84;9;10/04/2020;0;0;0;0;;;;;;;
84;19;10/04/2020;9;2;21;0;;;;;;;
84;29;10/04/2020;27;3;123;0;;;;;;;
84;39;10/04/2020;51;10;211;4;;;;;;;
84;49;10/04/2020;108;27;309;8;;;;;;;
84;59;10/04/2020;272;104;478;21;;;;;;;
84;69;10/04/2020;525;238;508;41;;;;;;;
84;79;10/04/2020;723;252;510;165;;;;;;;
84;89;10/04/2020;796;47;371;318;;;;;;;
84;90;10/04/2020;394;1;92;150;;;;;;;
93;0;10/04/2020;1804;441;1946;299;;;;;;;
93;9;10/04/2020;0;0;0;0;;;;;;;
93;19;10/04/2020;6;1;30;0;;;;;;;
93;29;10/04/2020;28;5;147;1;;;;;;;
93;39;10/04/2020;52;10;198;1;;;;;;;
93;49;10/04/2020;94;29;299;3;;;;;;;
93;59;10/04/2020;240;77;404;15;;;;;;;
93;69;10/04/2020;355;112;363;21;;;;;;;
93;79;10/04/2020;445;145;245;71;;;;;;;
93;89;10/04/2020;393;39;167;124;;;;;;;
93;90;10/04/2020;159;4;58;60;;;;;;;
94;0;10/04/2020;78;15;120;35;;;;;;;
94;9;10/04/2020;0;0;0;0;;;;;;;
94;19;10/04/2020;0;0;4;0;;;;;;;
94;29;10/04/2020;0;0;14;0;;;;;;;
94;39;10/04/2020;0;0;14;0;;;;;;;
94;49;10/04/2020;4;0;15;1;;;;;;;
94;59;10/04/2020;10;3;23;1;;;;;;;
94;69;10/04/2020;13;7;18;2;;;;;;;
94;79;10/04/2020;21;4;15;7;;;;;;;
94;89;10/04/2020;21;1;9;19;;;;;;;
94;90;10/04/2020;9;0;5;5;;;;;;;
1;0;11/04/2020;37;20;50;10;;;;;;;
1;9;11/04/2020;0;0;0;0;;;;;;;
1;19;11/04/2020;0;0;0;0;;;;;;;
1;29;11/04/2020;0;0;1;0;;;;;;;
1;39;11/04/2020;1;1;3;0;;;;;;;
1;49;11/04/2020;3;3;4;0;;;;;;;
1;59;11/04/2020;6;3;16;1;;;;;;;
1;69;11/04/2020;8;4;13;2;;;;;;;
1;79;11/04/2020;10;7;5;4;;;;;;;
1;89;11/04/2020;9;2;7;3;;;;;;;
1;90;11/04/2020;0;0;0;0;;;;;;;
2;0;11/04/2020;41;15;50;5;;;;;;;
2;9;11/04/2020;0;0;0;0;;;;;;;
2;19;11/04/2020;0;0;0;0;;;;;;;
2;29;11/04/2020;1;0;2;0;;;;;;;
2;39;11/04/2020;1;0;2;0;;;;;;;
2;49;11/04/2020;3;0;12;0;;;;;;;
2;59;11/04/2020;11;6;10;0;;;;;;;
2;69;11/04/2020;11;4;13;0;;;;;;;
2;79;11/04/2020;10;5;8;1;;;;;;;
2;89;11/04/2020;3;0;3;4;;;;;;;
2;90;11/04/2020;1;0;0;0;;;;;;;
3;0;11/04/2020;9;1;13;0;;;;;;;
3;9;11/04/2020;0;0;0;0;;;;;;;
3;19;11/04/2020;0;0;0;0;;;;;;;
3;29;11/04/2020;0;0;1;0;;;;;;;
3;39;11/04/2020;0;0;2;0;;;;;;;
3;49;11/04/2020;4;0;5;0;;;;;;;
3;59;11/04/2020;0;0;2;0;;;;;;;
3;69;11/04/2020;2;0;1;0;;;;;;;
3;79;11/04/2020;1;0;0;0;;;;;;;
3;89;11/04/2020;1;1;1;0;;;;;;;
3;90;11/04/2020;0;0;0;0;;;;;;;
4;0;11/04/2020;30;3;70;0;;;;;;;
4;9;11/04/2020;0;0;0;0;;;;;;;
4;19;11/04/2020;2;0;1;0;;;;;;;
4;29;11/04/2020;0;0;12;0;;;;;;;
4;39;11/04/2020;0;0;13;0;;;;;;;
4;49;11/04/2020;2;0;8;0;;;;;;;
4;59;11/04/2020;6;1;15;0;;;;;;;
4;69;11/04/2020;8;1;12;0;;;;;;;
4;79;11/04/2020;5;1;9;0;;;;;;;
4;89;11/04/2020;7;0;0;0;;;;;;;
4;90;11/04/2020;0;0;0;0;;;;;;;
6;0;11/04/2020;20;3;25;3;;;;;;;
6;9;11/04/2020;0;0;0;0;;;;;;;
6;19;11/04/2020;0;0;1;0;;;;;;;
6;29;11/04/2020;1;0;2;0;;;;;;;
6;39;11/04/2020;2;0;3;0;;;;;;;
6;49;11/04/2020;2;1;7;1;;;;;;;
6;59;11/04/2020;4;0;7;1;;;;;;;
6;69;11/04/2020;7;2;3;0;;;;;;;
6;79;11/04/2020;2;0;1;0;;;;;;;
6;89;11/04/2020;2;0;1;1;;;;;;;
6;90;11/04/2020;0;0;0;0;;;;;;;
11;0;11/04/2020;13025;2617;8796;3416;;;;;;;
11;9;11/04/2020;0;0;0;1;;;;;;;
11;19;11/04/2020;39;12;66;1;;;;;;;
11;29;11/04/2020;183;28;355;4;;;;;;;
11;39;11/04/2020;526;128;900;22;;;;;;;
11;49;11/04/2020;1032;291;1305;59;;;;;;;
11;59;11/04/2020;2020;695;1893;244;;;;;;;
11;69;11/04/2020;2534;874;1817;483;;;;;;;
11;79;11/04/2020;2659;510;1296;859;;;;;;;
11;89;11/04/2020;2561;39;756;1114;;;;;;;
11;90;11/04/2020;1255;3;195;596;;;;;;;
24;0;11/04/2020;922;202;568;193;;;;;;;
24;9;11/04/2020;0;0;0;0;;;;;;;
24;19;11/04/2020;2;1;8;0;;;;;;;
24;29;11/04/2020;9;3;21;0;;;;;;;
24;39;11/04/2020;19;8;35;1;;;;;;;
24;49;11/04/2020;44;12;79;2;;;;;;;
24;59;11/04/2020;85;34;89;4;;;;;;;
24;69;11/04/2020;165;72;122;13;;;;;;;
24;79;11/04/2020;207;65;109;36;;;;;;;
24;89;11/04/2020;233;6;72;78;;;;;;;
24;90;11/04/2020;147;1;19;57;;;;;;;
27;0;11/04/2020;1239;278;1411;478;;;;;;;
27;9;11/04/2020;0;0;0;0;;;;;;;
27;19;11/04/2020;2;1;14;0;;;;;;;
27;29;11/04/2020;3;0;57;0;;;;;;;
27;39;11/04/2020;17;4;110;2;;;;;;;
27;49;11/04/2020;27;11;157;4;;;;;;;
27;59;11/04/2020;103;47;230;9;;;;;;;
27;69;11/04/2020;229;97;273;40;;;;;;;
27;79;11/04/2020;299;94;257;105;;;;;;;
27;89;11/04/2020;400;22;232;225;;;;;;;
27;90;11/04/2020;155;1;68;92;;;;;;;
28;0;11/04/2020;726;202;554;196;;;;;;;
28;9;11/04/2020;0;0;0;0;;;;;;;
28;19;11/04/2020;1;0;3;0;;;;;;;
28;29;11/04/2020;6;0;28;0;;;;;;;
28;39;11/04/2020;12;6;49;1;;;;;;;
28;49;11/04/2020;47;21;71;4;;;;;;;
28;59;11/04/2020;83;39;110;11;;;;;;;
28;69;11/04/2020;163;64;105;30;;;;;;;
28;79;11/04/2020;176;57;103;40;;;;;;;
28;89;11/04/2020;167;13;63;76;;;;;;;
28;90;11/04/2020;69;0;14;34;;;;;;;
32;0;11/04/2020;2444;550;2017;806;;;;;;;
32;9;11/04/2020;0;0;0;0;;;;;;;
32;19;11/04/2020;7;2;10;0;;;;;;;
32;29;11/04/2020;20;5;96;0;;;;;;;
32;39;11/04/2020;55;11;172;2;;;;;;;
32;49;11/04/2020;127;44;273;9;;;;;;;
32;59;11/04/2020;279;109;418;34;;;;;;;
32;69;11/04/2020;472;176;366;104;;;;;;;
32;79;11/04/2020;561;159;354;186;;;;;;;
32;89;11/04/2020;656;37;229;328;;;;;;;
32;90;11/04/2020;239;2;73;138;;;;;;;
44;0;11/04/2020;4841;881;4581;2008;;;;;;;
44;9;11/04/2020;0;0;0;0;;;;;;;
44;19;11/04/2020;14;1;36;0;;;;;;;
44;29;11/04/2020;41;9;185;2;;;;;;;
44;39;11/04/2020;88;21;287;11;;;;;;;
44;49;11/04/2020;196;51;443;24;;;;;;;
44;59;11/04/2020;513;158;789;58;;;;;;;
44;69;11/04/2020;965;330;972;201;;;;;;;
44;79;11/04/2020;1189;268;930;534;;;;;;;
44;89;11/04/2020;1303;38;616;840;;;;;;;
44;90;11/04/2020;490;1;173;331;;;;;;;
52;0;11/04/2020;778;164;688;178;;;;;;;
52;9;11/04/2020;0;0;0;0;;;;;;;
52;19;11/04/2020;0;0;2;0;;;;;;;
52;29;11/04/2020;10;1;31;0;;;;;;;
52;39;11/04/2020;19;5;48;0;;;;;;;
52;49;11/04/2020;31;14;102;1;;;;;;;
52;59;11/04/2020;81;37;122;5;;;;;;;
52;69;11/04/2020;154;53;127;20;;;;;;;
52;79;11/04/2020;163;52;148;29;;;;;;;
52;89;11/04/2020;225;1;90;77;;;;;;;
52;90;11/04/2020;94;0;16;46;;;;;;;
53;0;11/04/2020;487;124;470;129;;;;;;;
53;9;11/04/2020;0;0;0;0;;;;;;;
53;19;11/04/2020;1;0;3;0;;;;;;;
53;29;11/04/2020;4;1;17;0;;;;;;;
53;39;11/04/2020;8;2;50;0;;;;;;;
53;49;11/04/2020;32;9;50;0;;;;;;;
53;59;11/04/2020;63;28;81;1;;;;;;;
53;69;11/04/2020;90;41;93;18;;;;;;;
53;79;11/04/2020;119;40;112;26;;;;;;;
53;89;11/04/2020;110;3;44;53;;;;;;;
53;90;11/04/2020;57;0;12;31;;;;;;;
75;0;11/04/2020;815;264;794;180;;;;;;;
75;9;11/04/2020;0;0;0;0;;;;;;;
75;19;11/04/2020;2;0;7;0;;;;;;;
75;29;11/04/2020;7;2;38;1;;;;;;;
75;39;11/04/2020;16;6;60;0;;;;;;;
75;49;11/04/2020;42;20;84;1;;;;;;;
75;59;11/04/2020;90;46;158;8;;;;;;;
75;69;11/04/2020;182;90;169;13;;;;;;;
75;79;11/04/2020;174;79;128;37;;;;;;;
75;89;11/04/2020;196;19;96;80;;;;;;;
75;90;11/04/2020;100;0;39;39;;;;;;;
76;0;11/04/2020;918;295;1271;233;;;;;;;
76;9;11/04/2020;0;0;0;0;;;;;;;
76;19;11/04/2020;5;1;9;0;;;;;;;
76;29;11/04/2020;7;1;67;1;;;;;;;
76;39;11/04/2020;18;4;104;1;;;;;;;
76;49;11/04/2020;48;12;167;1;;;;;;;
76;59;11/04/2020;110;50;256;8;;;;;;;
76;69;11/04/2020;200;98;229;21;;;;;;;
76;79;11/04/2020;234;104;245;50;;;;;;;
76;89;11/04/2020;207;25;136;110;;;;;;;
76;90;11/04/2020;89;0;42;41;;;;;;;
84;0;11/04/2020;2985;682;2857;755;;;;;;;
84;9;11/04/2020;0;0;0;0;;;;;;;
84;19;11/04/2020;9;2;23;0;;;;;;;
84;29;11/04/2020;28;4;129;0;;;;;;;
84;39;11/04/2020;52;11;223;4;;;;;;;
84;49;11/04/2020;108;24;318;8;;;;;;;
84;59;11/04/2020;265;102;508;22;;;;;;;
84;69;11/04/2020;515;230;542;44;;;;;;;
84;79;11/04/2020;723;247;534;171;;;;;;;
84;89;11/04/2020;820;46;407;335;;;;;;;
84;90;11/04/2020;426;1;98;157;;;;;;;
93;0;11/04/2020;1766;436;2053;317;;;;;;;
93;9;11/04/2020;0;0;0;0;;;;;;;
93;19;11/04/2020;5;1;32;0;;;;;;;
93;29;11/04/2020;28;5;151;1;;;;;;;
93;39;11/04/2020;51;11;203;1;;;;;;;
93;49;11/04/2020;86;28;313;3;;;;;;;
93;59;11/04/2020;228;76;421;17;;;;;;;
93;69;11/04/2020;338;114;388;22;;;;;;;
93;79;11/04/2020;440;141;261;74;;;;;;;
93;89;11/04/2020;384;38;185;133;;;;;;;
93;90;11/04/2020;173;4;63;62;;;;;;;
94;0;11/04/2020;76;15;122;36;;;;;;;
94;9;11/04/2020;0;0;0;0;;;;;;;
94;19;11/04/2020;0;0;4;0;;;;;;;
94;29;11/04/2020;0;0;14;0;;;;;;;
94;39;11/04/2020;0;0;14;0;;;;;;;
94;49;11/04/2020;5;0;15;1;;;;;;;
94;59;11/04/2020;10;3;23;1;;;;;;;
94;69;11/04/2020;13;7;18;2;;;;;;;
94;79;11/04/2020;20;4;16;7;;;;;;;
94;89;11/04/2020;19;1;10;20;;;;;;;
94;90;11/04/2020;9;0;5;5;;;;;;;
1;0;12/04/2020;38;19;51;10;;;;;;;
1;9;12/04/2020;0;0;0;0;;;;;;;
1;19;12/04/2020;1;0;0;0;;;;;;;
1;29;12/04/2020;0;0;1;0;;;;;;;
1;39;12/04/2020;1;1;3;0;;;;;;;
1;49;12/04/2020;3;2;4;0;;;;;;;
1;59;12/04/2020;6;3;16;1;;;;;;;
1;69;12/04/2020;8;4;14;2;;;;;;;
1;79;12/04/2020;10;7;5;4;;;;;;;
1;89;12/04/2020;9;2;7;3;;;;;;;
1;90;12/04/2020;0;0;0;0;;;;;;;
2;0;12/04/2020;38;15;52;6;;;;;;;
2;9;12/04/2020;0;0;0;0;;;;;;;
2;19;12/04/2020;0;0;0;0;;;;;;;
2;29;12/04/2020;1;0;2;0;;;;;;;
2;39;12/04/2020;1;0;2;0;;;;;;;
2;49;12/04/2020;3;0;12;0;;;;;;;
2;59;12/04/2020;10;6;11;0;;;;;;;
2;69;12/04/2020;10;4;13;1;;;;;;;
2;79;12/04/2020;9;5;9;1;;;;;;;
2;89;12/04/2020;3;0;3;4;;;;;;;
2;90;12/04/2020;1;0;0;0;;;;;;;
3;0;12/04/2020;15;1;13;0;;;;;;;
3;9;12/04/2020;0;0;0;0;;;;;;;
3;19;12/04/2020;0;0;0;0;;;;;;;
3;29;12/04/2020;2;0;1;0;;;;;;;
3;39;12/04/2020;1;0;2;0;;;;;;;
3;49;12/04/2020;5;0;5;0;;;;;;;
3;59;12/04/2020;0;0;2;0;;;;;;;
3;69;12/04/2020;2;0;1;0;;;;;;;
3;79;12/04/2020;3;0;0;0;;;;;;;
3;89;12/04/2020;1;1;1;0;;;;;;;
3;90;12/04/2020;0;0;0;0;;;;;;;
4;0;12/04/2020;28;3;72;0;;;;;;;
4;9;12/04/2020;0;0;0;0;;;;;;;
4;19;12/04/2020;2;0;1;0;;;;;;;
4;29;12/04/2020;0;0;12;0;;;;;;;
4;39;12/04/2020;0;0;13;0;;;;;;;
4;49;12/04/2020;2;0;8;0;;;;;;;
4;59;12/04/2020;5;1;16;0;;;;;;;
4;69;12/04/2020;8;1;12;0;;;;;;;
4;79;12/04/2020;4;1;10;0;;;;;;;
4;89;12/04/2020;7;0;0;0;;;;;;;
4;90;12/04/2020;0;0;0;0;;;;;;;
6;0;12/04/2020;22;3;25;3;;;;;;;
6;9;12/04/2020;0;0;0;0;;;;;;;
6;19;12/04/2020;0;0;1;0;;;;;;;
6;29;12/04/2020;1;0;2;0;;;;;;;
6;39;12/04/2020;2;0;3;0;;;;;;;
6;49;12/04/2020;2;1;7;1;;;;;;;
6;59;12/04/2020;5;0;7;1;;;;;;;
6;69;12/04/2020;8;2;3;0;;;;;;;
6;79;12/04/2020;2;0;1;0;;;;;;;
6;89;12/04/2020;2;0;1;1;;;;;;;
6;90;12/04/2020;0;0;0;0;;;;;;;
11;0;12/04/2020;13165;2626;9119;3548;;;;;;;
11;9;12/04/2020;0;0;0;1;;;;;;;
11;19;12/04/2020;35;11;70;1;;;;;;;
11;29;12/04/2020;185;26;366;7;;;;;;;
11;39;12/04/2020;530;126;922;26;;;;;;;
11;49;12/04/2020;1026;289;1348;69;;;;;;;
11;59;12/04/2020;2012;702;1977;253;;;;;;;
11;69;12/04/2020;2543;877;1896;506;;;;;;;
11;79;12/04/2020;2697;510;1336;880;;;;;;;
11;89;12/04/2020;2633;41;780;1153;;;;;;;
11;90;12/04/2020;1293;5;208;619;;;;;;;
24;0;12/04/2020;943;193;581;201;;;;;;;
24;9;12/04/2020;0;0;0;0;;;;;;;
24;19;12/04/2020;2;1;8;0;;;;;;;
24;29;12/04/2020;8;2;21;0;;;;;;;
24;39;12/04/2020;17;8;37;1;;;;;;;
24;49;12/04/2020;45;11;80;2;;;;;;;
24;59;12/04/2020;82;31;93;4;;;;;;;
24;69;12/04/2020;165;68;123;15;;;;;;;
24;79;12/04/2020;214;66;111;36;;;;;;;
24;89;12/04/2020;250;5;72;81;;;;;;;
24;90;12/04/2020;148;1;22;60;;;;;;;
27;0;12/04/2020;1294;278;1441;500;;;;;;;
27;9;12/04/2020;0;0;0;0;;;;;;;
27;19;12/04/2020;2;1;14;0;;;;;;;
27;29;12/04/2020;3;0;58;0;;;;;;;
27;39;12/04/2020;17;5;112;2;;;;;;;
27;49;12/04/2020;32;11;158;4;;;;;;;
27;59;12/04/2020;105;49;238;9;;;;;;;
27;69;12/04/2020;237;98;278;41;;;;;;;
27;79;12/04/2020;308;93;262;111;;;;;;;
27;89;12/04/2020;419;19;237;237;;;;;;;
27;90;12/04/2020;165;1;71;95;;;;;;;
28;0;12/04/2020;716;186;586;201;;;;;;;
28;9;12/04/2020;0;0;0;0;;;;;;;
28;19;12/04/2020;1;0;3;0;;;;;;;
28;29;12/04/2020;4;0;30;0;;;;;;;
28;39;12/04/2020;14;4;51;1;;;;;;;
28;49;12/04/2020;41;21;78;4;;;;;;;
28;59;12/04/2020;81;35;117;11;;;;;;;
28;69;12/04/2020;158;57;112;32;;;;;;;
28;79;12/04/2020;174;55;105;41;;;;;;;
28;89;12/04/2020;163;12;68;77;;;;;;;
28;90;12/04/2020;77;0;14;35;;;;;;;
32;0;12/04/2020;2484;549;2075;840;;;;;;;
32;9;12/04/2020;0;0;0;0;;;;;;;
32;19;12/04/2020;8;2;10;0;;;;;;;
32;29;12/04/2020;21;5;99;0;;;;;;;
32;39;12/04/2020;57;12;177;2;;;;;;;
32;49;12/04/2020;124;43;282;9;;;;;;;
32;59;12/04/2020;283;109;430;38;;;;;;;
32;69;12/04/2020;480;178;372;106;;;;;;;
32;79;12/04/2020;566;156;361;196;;;;;;;
32;89;12/04/2020;676;37;238;339;;;;;;;
32;90;12/04/2020;240;2;78;145;;;;;;;
44;0;12/04/2020;4887;878;4725;2064;;;;;;;
44;9;12/04/2020;0;0;0;0;;;;;;;
44;19;12/04/2020;11;1;39;0;;;;;;;
44;29;12/04/2020;39;9;189;2;;;;;;;
44;39;12/04/2020;89;20;290;11;;;;;;;
44;49;12/04/2020;197;50;457;24;;;;;;;
44;59;12/04/2020;513;157;816;60;;;;;;;
44;69;12/04/2020;971;328;1010;206;;;;;;;
44;79;12/04/2020;1179;272;959;553;;;;;;;
44;89;12/04/2020;1329;36;634;856;;;;;;;
44;90;12/04/2020;519;1;178;345;;;;;;;
52;0;12/04/2020;810;167;703;182;;;;;;;
52;9;12/04/2020;0;0;0;0;;;;;;;
52;19;12/04/2020;0;0;2;0;;;;;;;
52;29;12/04/2020;9;2;33;0;;;;;;;
52;39;12/04/2020;19;4;50;0;;;;;;;
52;49;12/04/2020;32;17;104;1;;;;;;;
52;59;12/04/2020;78;37;130;6;;;;;;;
52;69;12/04/2020;159;52;128;20;;;;;;;
52;79;12/04/2020;172;53;149;30;;;;;;;
52;89;12/04/2020;234;1;90;78;;;;;;;
52;90;12/04/2020;106;0;15;47;;;;;;;
53;0;12/04/2020;510;119;481;132;;;;;;;
53;9;12/04/2020;0;0;0;0;;;;;;;
53;19;12/04/2020;2;0;3;0;;;;;;;
53;29;12/04/2020;5;0;17;0;;;;;;;
53;39;12/04/2020;8;2;50;0;;;;;;;
53;49;12/04/2020;34;7;54;0;;;;;;;
53;59;12/04/2020;61;27;84;1;;;;;;;
53;69;12/04/2020;90;39;96;19;;;;;;;
53;79;12/04/2020;129;41;112;26;;;;;;;
53;89;12/04/2020;117;3;45;53;;;;;;;
53;90;12/04/2020;61;0;12;33;;;;;;;
75;0;12/04/2020;832;257;815;190;;;;;;;
75;9;12/04/2020;0;0;0;0;;;;;;;
75;19;12/04/2020;2;0;7;0;;;;;;;
75;29;12/04/2020;8;2;39;1;;;;;;;
75;39;12/04/2020;18;6;63;0;;;;;;;
75;49;12/04/2020;41;20;87;1;;;;;;;
75;59;12/04/2020;89;45;163;8;;;;;;;
75;69;12/04/2020;182;91;175;13;;;;;;;
75;79;12/04/2020;177;74;129;41;;;;;;;
75;89;12/04/2020;202;18;97;86;;;;;;;
75;90;12/04/2020;108;0;39;39;;;;;;;
76;0;12/04/2020;954;294;1287;239;;;;;;;
76;9;12/04/2020;0;0;0;0;;;;;;;
76;19;12/04/2020;5;1;9;0;;;;;;;
76;29;12/04/2020;8;1;68;1;;;;;;;
76;39;12/04/2020;19;3;104;1;;;;;;;
76;49;12/04/2020;49;12;170;1;;;;;;;
76;59;12/04/2020;111;51;262;8;;;;;;;
76;69;12/04/2020;199;97;231;22;;;;;;;
76;79;12/04/2020;236;103;248;52;;;;;;;
76;89;12/04/2020;220;26;136;112;;;;;;;
76;90;12/04/2020;107;0;43;42;;;;;;;
84;0;12/04/2020;3025;674;2936;773;;;;;;;
84;9;12/04/2020;0;0;0;0;;;;;;;
84;19;12/04/2020;8;2;25;0;;;;;;;
84;29;12/04/2020;28;3;134;0;;;;;;;
84;39;12/04/2020;49;11;227;4;;;;;;;
84;49;12/04/2020;103;24;327;9;;;;;;;
84;59;12/04/2020;268;103;524;22;;;;;;;
84;69;12/04/2020;522;233;555;48;;;;;;;
84;79;12/04/2020;728;240;552;172;;;;;;;
84;89;12/04/2020;837;42;416;344;;;;;;;
84;90;12/04/2020;443;1;100;160;;;;;;;
93;0;12/04/2020;1830;438;2097;328;;;;;;;
93;9;12/04/2020;0;0;0;0;;;;;;;
93;19;12/04/2020;8;1;32;0;;;;;;;
93;29;12/04/2020;29;6;155;1;;;;;;;
93;39;12/04/2020;54;11;205;1;;;;;;;
93;49;12/04/2020;90;29;316;3;;;;;;;
93;59;12/04/2020;227;74;431;18;;;;;;;
93;69;12/04/2020;347;115;398;22;;;;;;;
93;79;12/04/2020;446;139;271;76;;;;;;;
93;89;12/04/2020;417;41;186;138;;;;;;;
93;90;12/04/2020;181;4;67;65;;;;;;;
94;0;12/04/2020;74;14;126;36;;;;;;;
94;9;12/04/2020;0;0;0;0;;;;;;;
94;19;12/04/2020;0;0;4;0;;;;;;;
94;29;12/04/2020;0;0;14;0;;;;;;;
94;39;12/04/2020;0;0;14;0;;;;;;;
94;49;12/04/2020;4;0;16;1;;;;;;;
94;59;12/04/2020;9;3;24;1;;;;;;;
94;69;12/04/2020;11;5;19;2;;;;;;;
94;79;12/04/2020;21;5;16;7;;;;;;;
94;89;12/04/2020;21;1;10;20;;;;;;;
94;90;12/04/2020;8;0;6;5;;;;;;;
1;0;13/04/2020;41;18;51;10;;;;;;;
1;9;13/04/2020;0;0;0;0;;;;;;;
1;19;13/04/2020;1;0;0;0;;;;;;;
1;29;13/04/2020;0;0;1;0;;;;;;;
1;39;13/04/2020;1;0;3;0;;;;;;;
1;49;13/04/2020;3;2;4;0;;;;;;;
1;59;13/04/2020;6;3;16;1;;;;;;;
1;69;13/04/2020;9;4;14;2;;;;;;;
1;79;13/04/2020;11;7;5;4;;;;;;;
1;89;13/04/2020;10;2;7;3;;;;;;;
1;90;13/04/2020;0;0;0;0;;;;;;;
2;0;13/04/2020;39;16;52;6;;;;;;;
2;9;13/04/2020;0;0;0;0;;;;;;;
2;19;13/04/2020;0;0;0;0;;;;;;;
2;29;13/04/2020;1;0;2;0;;;;;;;
2;39;13/04/2020;1;0;2;0;;;;;;;
2;49;13/04/2020;3;0;12;0;;;;;;;
2;59;13/04/2020;10;6;11;0;;;;;;;
2;69;13/04/2020;10;4;13;1;;;;;;;
2;79;13/04/2020;9;5;9;1;;;;;;;
2;89;13/04/2020;4;1;3;4;;;;;;;
2;90;13/04/2020;1;0;0;0;;;;;;;
3;0;13/04/2020;15;1;13;0;;;;;;;
3;9;13/04/2020;0;0;0;0;;;;;;;
3;19;13/04/2020;0;0;0;0;;;;;;;
3;29;13/04/2020;2;0;1;0;;;;;;;
3;39;13/04/2020;1;0;2;0;;;;;;;
3;49;13/04/2020;5;0;5;0;;;;;;;
3;59;13/04/2020;0;0;2;0;;;;;;;
3;69;13/04/2020;2;0;1;0;;;;;;;
3;79;13/04/2020;3;0;0;0;;;;;;;
3;89;13/04/2020;1;1;1;0;;;;;;;
3;90;13/04/2020;0;0;0;0;;;;;;;
4;0;13/04/2020;28;3;72;0;;;;;;;
4;9;13/04/2020;0;0;0;0;;;;;;;
4;19;13/04/2020;2;0;1;0;;;;;;;
4;29;13/04/2020;0;0;12;0;;;;;;;
4;39;13/04/2020;0;0;13;0;;;;;;;
4;49;13/04/2020;2;0;8;0;;;;;;;
4;59;13/04/2020;5;1;16;0;;;;;;;
4;69;13/04/2020;8;1;12;0;;;;;;;
4;79;13/04/2020;4;1;10;0;;;;;;;
4;89;13/04/2020;7;0;0;0;;;;;;;
4;90;13/04/2020;0;0;0;0;;;;;;;
6;0;13/04/2020;22;3;25;3;;;;;;;
6;9;13/04/2020;0;0;0;0;;;;;;;
6;19;13/04/2020;0;0;1;0;;;;;;;
6;29;13/04/2020;1;0;2;0;;;;;;;
6;39;13/04/2020;2;0;3;0;;;;;;;
6;49;13/04/2020;2;1;7;1;;;;;;;
6;59;13/04/2020;5;0;7;1;;;;;;;
6;69;13/04/2020;8;2;3;0;;;;;;;
6;79;13/04/2020;2;0;1;0;;;;;;;
6;89;13/04/2020;2;0;1;1;;;;;;;
6;90;13/04/2020;0;0;0;0;;;;;;;
11;0;13/04/2020;13196;2604;9387;3704;;;;;;;
11;9;13/04/2020;0;0;0;1;;;;;;;
11;19;13/04/2020;37;11;71;2;;;;;;;
11;29;13/04/2020;187;25;374;7;;;;;;;
11;39;13/04/2020;517;124;953;29;;;;;;;
11;49;13/04/2020;1021;296;1384;72;;;;;;;
11;59;13/04/2020;2016;703;2034;262;;;;;;;
11;69;13/04/2020;2546;866;1953;532;;;;;;;
11;79;13/04/2020;2678;497;1383;924;;;;;;;
11;89;13/04/2020;2659;40;802;1203;;;;;;;
11;90;13/04/2020;1320;6;212;643;;;;;;;
24;0;13/04/2020;983;196;595;214;;;;;;;
24;9;13/04/2020;0;0;0;0;;;;;;;
24;19;13/04/2020;3;1;9;0;;;;;;;
24;29;13/04/2020;9;2;23;0;;;;;;;
24;39;13/04/2020;16;8;39;1;;;;;;;
24;49;13/04/2020;47;11;80;2;;;;;;;
24;59;13/04/2020;84;30;95;5;;;;;;;
24;69;13/04/2020;173;70;126;17;;;;;;;
24;79;13/04/2020;221;67;111;39;;;;;;;
24;89;13/04/2020;263;5;72;86;;;;;;;
24;90;13/04/2020;157;2;22;62;;;;;;;
27;0;13/04/2020;1309;284;1463;512;;;;;;;
27;9;13/04/2020;0;0;0;0;;;;;;;
27;19;13/04/2020;2;1;14;0;;;;;;;
27;29;13/04/2020;3;0;59;0;;;;;;;
27;39;13/04/2020;16;4;112;2;;;;;;;
27;49;13/04/2020;33;12;160;4;;;;;;;
27;59;13/04/2020;106;50;243;9;;;;;;;
27;69;13/04/2020;236;98;283;42;;;;;;;
27;79;13/04/2020;316;98;266;112;;;;;;;
27;89;13/04/2020;418;19;240;246;;;;;;;
27;90;13/04/2020;172;1;73;96;;;;;;;
28;0;13/04/2020;713;189;597;211;;;;;;;
28;9;13/04/2020;0;0;0;0;;;;;;;
28;19;13/04/2020;1;0;3;0;;;;;;;
28;29;13/04/2020;3;0;31;0;;;;;;;
28;39;13/04/2020;16;5;51;1;;;;;;;
28;49;13/04/2020;44;21;78;5;;;;;;;
28;59;13/04/2020;79;34;121;11;;;;;;;
28;69;13/04/2020;154;58;117;34;;;;;;;
28;79;13/04/2020;176;56;105;44;;;;;;;
28;89;13/04/2020;162;13;69;79;;;;;;;
28;90;13/04/2020;75;0;14;37;;;;;;;
32;0;13/04/2020;2525;543;2102;873;;;;;;;
32;9;13/04/2020;0;0;0;0;;;;;;;
32;19;13/04/2020;8;2;10;0;;;;;;;
32;29;13/04/2020;25;5;99;0;;;;;;;
32;39;13/04/2020;59;13;180;2;;;;;;;
32;49;13/04/2020;125;42;287;9;;;;;;;
32;59;13/04/2020;288;109;435;38;;;;;;;
32;69;13/04/2020;488;183;380;109;;;;;;;
32;79;13/04/2020;567;148;367;206;;;;;;;
32;89;13/04/2020;682;34;238;352;;;;;;;
32;90;13/04/2020;256;2;77;152;;;;;;;
44;0;13/04/2020;4928;880;4788;2105;;;;;;;
44;9;13/04/2020;0;0;0;0;;;;;;;
44;19;13/04/2020;12;1;39;0;;;;;;;
44;29;13/04/2020;41;10;190;2;;;;;;;
44;39;13/04/2020;88;20;293;12;;;;;;;
44;49;13/04/2020;200;50;465;24;;;;;;;
44;59;13/04/2020;512;156;829;61;;;;;;;
44;69;13/04/2020;973;326;1024;211;;;;;;;
44;79;13/04/2020;1181;274;970;561;;;;;;;
44;89;13/04/2020;1353;36;643;868;;;;;;;
44;90;13/04/2020;524;1;182;359;;;;;;;
52;0;13/04/2020;823;162;719;192;;;;;;;
52;9;13/04/2020;0;0;0;0;;;;;;;
52;19;13/04/2020;0;0;2;0;;;;;;;
52;29;13/04/2020;8;2;35;0;;;;;;;
52;39;13/04/2020;18;4;52;0;;;;;;;
52;49;13/04/2020;32;16;107;1;;;;;;;
52;59;13/04/2020;81;35;130;6;;;;;;;
52;69;13/04/2020;158;50;133;21;;;;;;;
52;79;13/04/2020;175;52;150;31;;;;;;;
52;89;13/04/2020;241;2;93;84;;;;;;;
52;90;13/04/2020;109;0;15;49;;;;;;;
53;0;13/04/2020;510;118;490;136;;;;;;;
53;9;13/04/2020;0;0;0;0;;;;;;;
53;19;13/04/2020;2;0;3;0;;;;;;;
53;29;13/04/2020;3;1;19;0;;;;;;;
53;39;13/04/2020;8;2;50;0;;;;;;;
53;49;13/04/2020;36;8;53;0;;;;;;;
53;59;13/04/2020;59;25;88;1;;;;;;;
53;69;13/04/2020;90;41;97;19;;;;;;;
53;79;13/04/2020;127;38;114;28;;;;;;;
53;89;13/04/2020;117;3;46;55;;;;;;;
53;90;13/04/2020;65;0;12;33;;;;;;;
75;0;13/04/2020;857;259;828;194;;;;;;;
75;9;13/04/2020;0;0;0;0;;;;;;;
75;19;13/04/2020;2;0;7;0;;;;;;;
75;29;13/04/2020;7;2;40;1;;;;;;;
75;39;13/04/2020;17;6;65;0;;;;;;;
75;49;13/04/2020;42;19;89;1;;;;;;;
75;59;13/04/2020;91;47;165;8;;;;;;;
75;69;13/04/2020;181;90;179;13;;;;;;;
75;79;13/04/2020;185;76;130;42;;;;;;;
75;89;13/04/2020;216;18;98;87;;;;;;;
75;90;13/04/2020;111;0;39;41;;;;;;;
76;0;13/04/2020;974;291;1313;248;;;;;;;
76;9;13/04/2020;0;0;0;0;;;;;;;
76;19;13/04/2020;5;1;9;0;;;;;;;
76;29;13/04/2020;8;1;68;1;;;;;;;
76;39;13/04/2020;21;3;104;1;;;;;;;
76;49;13/04/2020;46;12;177;1;;;;;;;
76;59;13/04/2020;110;52;267;8;;;;;;;
76;69;13/04/2020;202;94;234;24;;;;;;;
76;79;13/04/2020;239;102;252;55;;;;;;;
76;89;13/04/2020;224;25;142;113;;;;;;;
76;90;13/04/2020;117;1;44;45;;;;;;;
84;0;13/04/2020;3055;671;2970;794;;;;;;;
84;9;13/04/2020;0;0;0;0;;;;;;;
84;19;13/04/2020;8;2;25;0;;;;;;;
84;29;13/04/2020;25;3;135;0;;;;;;;
84;39;13/04/2020;49;10;227;4;;;;;;;
84;49;13/04/2020;105;24;333;9;;;;;;;
84;59;13/04/2020;265;99;530;22;;;;;;;
84;69;13/04/2020;527;229;564;50;;;;;;;
84;79;13/04/2020;733;243;558;176;;;;;;;
84;89;13/04/2020;852;44;421;351;;;;;;;
84;90;13/04/2020;450;2;101;168;;;;;;;
93;0;13/04/2020;1859;437;2126;348;;;;;;;
93;9;13/04/2020;0;0;0;0;;;;;;;
93;19;13/04/2020;7;1;32;0;;;;;;;
93;29;13/04/2020;34;6;156;1;;;;;;;
93;39;13/04/2020;60;12;209;1;;;;;;;
93;49;13/04/2020;96;29;317;3;;;;;;;
93;59;13/04/2020;231;75;435;19;;;;;;;
93;69;13/04/2020;352;115;404;24;;;;;;;
93;79;13/04/2020;440;133;279;82;;;;;;;
93;89;13/04/2020;426;44;187;147;;;;;;;
93;90;13/04/2020;183;4;70;67;;;;;;;
94;0;13/04/2020;75;15;126;38;;;;;;;
94;9;13/04/2020;0;0;0;0;;;;;;;
94;19;13/04/2020;0;0;4;0;;;;;;;
94;29;13/04/2020;0;0;14;0;;;;;;;
94;39;13/04/2020;1;0;14;0;;;;;;;
94;49;13/04/2020;4;0;16;1;;;;;;;
94;59;13/04/2020;10;4;24;1;;;;;;;
94;69;13/04/2020;11;5;19;2;;;;;;;
94;79;13/04/2020;21;5;16;8;;;;;;;
94;89;13/04/2020;20;1;10;21;;;;;;;
94;90;13/04/2020;8;0;6;5;;;;;;;
1;0;14/04/2020;41;18;51;10;;;;;;;
1;9;14/04/2020;0;0;0;0;;;;;;;
1;19;14/04/2020;1;0;0;0;;;;;;;
1;29;14/04/2020;0;0;1;0;;;;;;;
1;39;14/04/2020;1;0;3;0;;;;;;;
1;49;14/04/2020;2;1;4;0;;;;;;;
1;59;14/04/2020;6;4;16;1;;;;;;;
1;69;14/04/2020;10;4;12;2;;;;;;;
1;79;14/04/2020;11;7;7;4;;;;;;;
1;89;14/04/2020;10;2;7;3;;;;;;;
1;90;14/04/2020;0;0;0;0;;;;;;;
2;0;14/04/2020;39;16;52;6;;;;;;;
2;9;14/04/2020;0;0;0;0;;;;;;;
2;19;14/04/2020;0;0;0;0;;;;;;;
2;29;14/04/2020;1;0;2;0;;;;;;;
2;39;14/04/2020;1;0;3;0;;;;;;;
2;49;14/04/2020;3;0;9;0;;;;;;;
2;59;14/04/2020;10;6;12;0;;;;;;;
2;69;14/04/2020;10;4;12;1;;;;;;;
2;79;14/04/2020;8;4;12;1;;;;;;;
2;89;14/04/2020;5;2;2;3;;;;;;;
2;90;14/04/2020;1;0;0;1;;;;;;;
3;0;14/04/2020;18;1;13;0;;;;;;;
3;9;14/04/2020;0;0;0;0;;;;;;;
3;19;14/04/2020;1;0;0;0;;;;;;;
3;29;14/04/2020;3;0;1;0;;;;;;;
3;39;14/04/2020;1;0;2;0;;;;;;;
3;49;14/04/2020;5;0;5;0;;;;;;;
3;59;14/04/2020;0;0;2;0;;;;;;;
3;69;14/04/2020;2;0;1;0;;;;;;;
3;79;14/04/2020;4;0;0;0;;;;;;;
3;89;14/04/2020;1;1;1;0;;;;;;;
3;90;14/04/2020;0;0;0;0;;;;;;;
4;0;14/04/2020;28;3;72;0;;;;;;;
4;9;14/04/2020;0;0;0;0;;;;;;;
4;19;14/04/2020;1;0;2;0;;;;;;;
4;29;14/04/2020;0;0;13;0;;;;;;;
4;39;14/04/2020;0;0;12;0;;;;;;;
4;49;14/04/2020;3;0;7;0;;;;;;;
4;59;14/04/2020;5;1;15;0;;;;;;;
4;69;14/04/2020;8;1;13;0;;;;;;;
4;79;14/04/2020;4;1;10;0;;;;;;;
4;89;14/04/2020;7;0;0;0;;;;;;;
4;90;14/04/2020;0;0;0;0;;;;;;;
6;0;14/04/2020;15;3;35;3;;;;;;;
6;9;14/04/2020;0;0;0;0;;;;;;;
6;19;14/04/2020;0;0;1;0;;;;;;;
6;29;14/04/2020;0;0;5;0;;;;;;;
6;39;14/04/2020;0;0;4;0;;;;;;;
6;49;14/04/2020;2;1;9;1;;;;;;;
6;59;14/04/2020;3;0;8;1;;;;;;;
6;69;14/04/2020;6;2;5;0;;;;;;;
6;79;14/04/2020;1;0;2;0;;;;;;;
6;89;14/04/2020;3;0;1;1;;;;;;;
6;90;14/04/2020;0;0;0;0;;;;;;;
11;0;14/04/2020;13209;2599;9790;3937;;;;;;;
11;9;14/04/2020;0;0;0;1;;;;;;;
11;19;14/04/2020;35;12;65;2;;;;;;;
11;29;14/04/2020;172;26;383;7;;;;;;;
11;39;14/04/2020;503;123;962;29;;;;;;;
11;49;14/04/2020;1007;298;1461;72;;;;;;;
11;59;14/04/2020;1922;678;2107;278;;;;;;;
11;69;14/04/2020;2558;849;2044;557;;;;;;;
11;79;14/04/2020;2669;516;1454;985;;;;;;;
11;89;14/04/2020;2724;54;855;1266;;;;;;;
11;90;14/04/2020;1407;7;233;709;;;;;;;
24;0;14/04/2020;996;188;629;227;;;;;;;
24;9;14/04/2020;0;0;0;0;;;;;;;
24;19;14/04/2020;1;0;8;0;;;;;;;
24;29;14/04/2020;7;1;23;0;;;;;;;
24;39;14/04/2020;15;5;41;1;;;;;;;
24;49;14/04/2020;42;10;81;3;;;;;;;
24;59;14/04/2020;78;27;103;6;;;;;;;
24;69;14/04/2020;164;71;127;17;;;;;;;
24;79;14/04/2020;228;66;118;41;;;;;;;
24;89;14/04/2020;274;6;82;91;;;;;;;
24;90;14/04/2020;178;2;25;66;;;;;;;
27;0;14/04/2020;1361;285;1488;551;;;;;;;
27;9;14/04/2020;0;0;0;0;;;;;;;
27;19;14/04/2020;2;1;14;0;;;;;;;
27;29;14/04/2020;2;0;58;0;;;;;;;
27;39;14/04/2020;15;4;110;2;;;;;;;
27;49;14/04/2020;30;11;166;4;;;;;;;
27;59;14/04/2020;111;48;242;10;;;;;;;
27;69;14/04/2020;228;96;286;42;;;;;;;
27;79;14/04/2020;334;104;272;117;;;;;;;
27;89;14/04/2020;434;19;250;258;;;;;;;
27;90;14/04/2020;199;1;77;116;;;;;;;
28;0;14/04/2020;705;177;626;230;;;;;;;
28;9;14/04/2020;0;0;0;0;;;;;;;
28;19;14/04/2020;2;0;3;0;;;;;;;
28;29;14/04/2020;3;0;30;0;;;;;;;
28;39;14/04/2020;18;4;54;1;;;;;;;
28;49;14/04/2020;44;21;81;5;;;;;;;
28;59;14/04/2020;74;31;128;12;;;;;;;
28;69;14/04/2020;138;53;128;36;;;;;;;
28;79;14/04/2020;175;54;108;48;;;;;;;
28;89;14/04/2020;170;12;68;87;;;;;;;
28;90;14/04/2020;78;0;16;41;;;;;;;
32;0;14/04/2020;2552;538;2184;920;;;;;;;
32;9;14/04/2020;0;0;0;0;;;;;;;
32;19;14/04/2020;7;2;9;0;;;;;;;
32;29;14/04/2020;23;4;99;1;;;;;;;
32;39;14/04/2020;55;11;180;2;;;;;;;
32;49;14/04/2020;124;41;298;8;;;;;;;
32;59;14/04/2020;280;102;443;39;;;;;;;
32;69;14/04/2020;492;184;397;116;;;;;;;
32;79;14/04/2020;569;152;391;211;;;;;;;
32;89;14/04/2020;695;36;250;365;;;;;;;
32;90;14/04/2020;283;2;85;172;;;;;;;
44;0;14/04/2020;4993;872;4928;2166;;;;;;;
44;9;14/04/2020;0;0;0;0;;;;;;;
44;19;14/04/2020;15;1;34;0;;;;;;;
44;29;14/04/2020;39;8;192;2;;;;;;;
44;39;14/04/2020;89;19;303;12;;;;;;;
44;49;14/04/2020;197;49;465;22;;;;;;;
44;59;14/04/2020;503;157;863;58;;;;;;;
44;69;14/04/2020;961;310;1040;210;;;;;;;
44;79;14/04/2020;1203;279;999;571;;;;;;;
44;89;14/04/2020;1378;42;681;899;;;;;;;
44;90;14/04/2020;561;1;193;385;;;;;;;
52;0;14/04/2020;820;155;749;209;;;;;;;
52;9;14/04/2020;0;0;0;0;;;;;;;
52;19;14/04/2020;0;0;2;0;;;;;;;
52;29;14/04/2020;8;2;36;0;;;;;;;
52;39;14/04/2020;15;4;54;0;;;;;;;
52;49;14/04/2020;33;14;108;1;;;;;;;
52;59;14/04/2020;77;32;129;6;;;;;;;
52;69;14/04/2020;153;49;145;21;;;;;;;
52;79;14/04/2020;176;51;152;35;;;;;;;
52;89;14/04/2020;240;3;101;84;;;;;;;
52;90;14/04/2020;118;0;19;62;;;;;;;
53;0;14/04/2020;514;117;511;149;;;;;;;
53;9;14/04/2020;0;0;0;0;;;;;;;
53;19;14/04/2020;2;0;3;0;;;;;;;
53;29;14/04/2020;3;1;19;0;;;;;;;
53;39;14/04/2020;5;0;50;0;;;;;;;
53;49;14/04/2020;33;11;57;0;;;;;;;
53;59;14/04/2020;61;25;92;1;;;;;;;
53;69;14/04/2020;85;37;104;19;;;;;;;
53;79;14/04/2020;138;40;115;30;;;;;;;
53;89;14/04/2020;120;3;51;55;;;;;;;
53;90;14/04/2020;64;0;12;44;;;;;;;
75;0;14/04/2020;866;251;866;207;;;;;;;
75;9;14/04/2020;0;0;0;0;;;;;;;
75;19;14/04/2020;3;0;6;0;;;;;;;
75;29;14/04/2020;8;2;38;1;;;;;;;
75;39;14/04/2020;16;7;69;0;;;;;;;
75;49;14/04/2020;37;17;99;0;;;;;;;
75;59;14/04/2020;88;45;168;8;;;;;;;
75;69;14/04/2020;179;84;186;14;;;;;;;
75;79;14/04/2020;189;74;138;46;;;;;;;
75;89;14/04/2020;228;22;102;85;;;;;;;
75;90;14/04/2020;112;0;43;52;;;;;;;
76;0;14/04/2020;962;279;1360;266;;;;;;;
76;9;14/04/2020;0;0;0;0;;;;;;;
76;19;14/04/2020;3;2;11;0;;;;;;;
76;29;14/04/2020;9;1;71;1;;;;;;;
76;39;14/04/2020;20;3;106;1;;;;;;;
76;49;14/04/2020;43;9;185;1;;;;;;;
76;59;14/04/2020;103;52;269;8;;;;;;;
76;69;14/04/2020;189;86;248;26;;;;;;;
76;79;14/04/2020;239;103;259;56;;;;;;;
76;89;14/04/2020;230;21;147;119;;;;;;;
76;90;14/04/2020;124;2;47;54;;;;;;;
84;0;14/04/2020;3044;659;3081;836;;;;;;;
84;9;14/04/2020;0;0;0;0;;;;;;;
84;19;14/04/2020;6;2;26;0;;;;;;;
84;29;14/04/2020;22;2;140;0;;;;;;;
84;39;14/04/2020;49;9;225;4;;;;;;;
84;49;14/04/2020;100;26;337;7;;;;;;;
84;59;14/04/2020;258;92;552;23;;;;;;;
84;69;14/04/2020;524;228;588;53;;;;;;;
84;79;14/04/2020;725;243;575;185;;;;;;;
84;89;14/04/2020;839;41;449;362;;;;;;;
84;90;14/04/2020;484;2;110;188;;;;;;;
93;0;14/04/2020;1894;422;2240;374;;;;;;;
93;9;14/04/2020;0;0;0;0;;;;;;;
93;19;14/04/2020;7;1;31;0;;;;;;;
93;29;14/04/2020;33;6;153;1;;;;;;;
93;39;14/04/2020;71;10;224;1;;;;;;;
93;49;14/04/2020;101;26;319;3;;;;;;;
93;59;14/04/2020;226;71;454;19;;;;;;;
93;69;14/04/2020;340;108;438;24;;;;;;;
93;79;14/04/2020;429;133;308;86;;;;;;;
93;89;14/04/2020;438;44;197;159;;;;;;;
93;90;14/04/2020;218;5;76;77;;;;;;;
94;0;14/04/2020;74;16;129;38;;;;;;;
94;9;14/04/2020;0;0;0;0;;;;;;;
94;19;14/04/2020;0;0;1;0;;;;;;;
94;29;14/04/2020;0;0;14;0;;;;;;;
94;39;14/04/2020;1;0;14;0;;;;;;;
94;49;14/04/2020;2;0;18;1;;;;;;;
94;59;14/04/2020;10;4;22;1;;;;;;;
94;69;14/04/2020;12;5;20;1;;;;;;;
94;79;14/04/2020;22;7;17;9;;;;;;;
94;89;14/04/2020;19;0;11;21;;;;;;;
94;90;14/04/2020;8;0;6;5;;;;;;;
1;0;15/04/2020;35;17;57;10;;;;;;;
1;9;15/04/2020;0;0;0;0;;;;;;;
1;19;15/04/2020;1;0;0;0;;;;;;;
1;29;15/04/2020;0;0;1;0;;;;;;;
1;39;15/04/2020;1;0;3;0;;;;;;;
1;49;15/04/2020;2;1;4;0;;;;;;;
1;59;15/04/2020;6;4;16;1;;;;;;;
1;69;15/04/2020;8;4;14;2;;;;;;;
1;79;15/04/2020;9;6;9;4;;;;;;;
1;89;15/04/2020;8;2;9;3;;;;;;;
1;90;15/04/2020;0;0;0;0;;;;;;;
2;0;15/04/2020;38;16;53;6;;;;;;;
2;9;15/04/2020;0;0;0;0;;;;;;;
2;19;15/04/2020;0;0;0;0;;;;;;;
2;29;15/04/2020;1;0;2;0;;;;;;;
2;39;15/04/2020;1;0;3;0;;;;;;;
2;49;15/04/2020;3;0;9;0;;;;;;;
2;59;15/04/2020;10;6;12;0;;;;;;;
2;69;15/04/2020;9;4;13;1;;;;;;;
2;79;15/04/2020;8;4;12;1;;;;;;;
2;89;15/04/2020;5;2;2;3;;;;;;;
2;90;15/04/2020;1;0;0;1;;;;;;;
3;0;15/04/2020;19;0;14;0;;;;;;;
3;9;15/04/2020;0;0;0;0;;;;;;;
3;19;15/04/2020;1;0;0;0;;;;;;;
3;29;15/04/2020;3;0;1;0;;;;;;;
3;39;15/04/2020;2;0;3;0;;;;;;;
3;49;15/04/2020;5;0;5;0;;;;;;;
3;59;15/04/2020;0;0;2;0;;;;;;;
3;69;15/04/2020;3;0;1;0;;;;;;;
3;79;15/04/2020;3;0;0;0;;;;;;;
3;89;15/04/2020;1;0;1;0;;;;;;;
3;90;15/04/2020;0;0;0;0;;;;;;;
4;0;15/04/2020;24;3;76;0;;;;;;;
4;9;15/04/2020;0;0;0;0;;;;;;;
4;19;15/04/2020;1;0;2;0;;;;;;;
4;29;15/04/2020;0;0;13;0;;;;;;;
4;39;15/04/2020;0;0;12;0;;;;;;;
4;49;15/04/2020;1;0;9;0;;;;;;;
4;59;15/04/2020;5;1;15;0;;;;;;;
4;69;15/04/2020;7;1;14;0;;;;;;;
4;79;15/04/2020;4;1;10;0;;;;;;;
4;89;15/04/2020;6;0;1;0;;;;;;;
4;90;15/04/2020;0;0;0;0;;;;;;;
6;0;15/04/2020;18;4;37;3;;;;;;;
6;9;15/04/2020;0;0;0;0;;;;;;;
6;19;15/04/2020;0;0;1;0;;;;;;;
6;29;15/04/2020;0;0;5;0;;;;;;;
6;39;15/04/2020;1;1;4;0;;;;;;;
6;49;15/04/2020;3;1;10;1;;;;;;;
6;59;15/04/2020;5;0;8;1;;;;;;;
6;69;15/04/2020;6;2;5;0;;;;;;;
6;79;15/04/2020;1;0;2;0;;;;;;;
6;89;15/04/2020;2;0;2;1;;;;;;;
6;90;15/04/2020;0;0;0;0;;;;;;;
11;0;15/04/2020;13018;2494;10544;4140;;;;;;;
11;9;15/04/2020;0;0;0;1;;;;;;;
11;19;15/04/2020;34;12;67;2;;;;;;;
11;29;15/04/2020;159;26;412;8;;;;;;;
11;39;15/04/2020;484;115;1021;29;;;;;;;
11;49;15/04/2020;958;282;1548;78;;;;;;;
11;59;15/04/2020;1847;648;2259;291;;;;;;;
11;69;15/04/2020;2501;822;2201;585;;;;;;;
11;79;15/04/2020;2650;500;1571;1026;;;;;;;
11;89;15/04/2020;2753;50;950;1336;;;;;;;
11;90;15/04/2020;1445;5;264;750;;;;;;;
24;0;15/04/2020;996;180;687;245;;;;;;;
24;9;15/04/2020;0;0;0;0;;;;;;;
24;19;15/04/2020;3;0;8;0;;;;;;;
24;29;15/04/2020;7;2;24;0;;;;;;;
24;39;15/04/2020;17;5;43;1;;;;;;;
24;49;15/04/2020;36;8;88;3;;;;;;;
24;59;15/04/2020;70;23;114;6;;;;;;;
24;69;15/04/2020;169;70;132;18;;;;;;;
24;79;15/04/2020;230;63;133;44;;;;;;;
24;89;15/04/2020;278;7;94;96;;;;;;;
24;90;15/04/2020;176;2;29;75;;;;;;;
27;0;15/04/2020;1341;274;1594;581;;;;;;;
27;9;15/04/2020;0;0;0;0;;;;;;;
27;19;15/04/2020;4;1;15;0;;;;;;;
27;29;15/04/2020;2;0;60;0;;;;;;;
27;39;15/04/2020;13;4;114;2;;;;;;;
27;49;15/04/2020;27;12;173;4;;;;;;;
27;59;15/04/2020;106;47;258;11;;;;;;;
27;69;15/04/2020;216;87;303;47;;;;;;;
27;79;15/04/2020;330;103;292;123;;;;;;;
27;89;15/04/2020;431;18;281;267;;;;;;;
27;90;15/04/2020;206;1;84;124;;;;;;;
28;0;15/04/2020;686;167;667;242;;;;;;;
28;9;15/04/2020;0;0;0;0;;;;;;;
28;19;15/04/2020;3;1;3;0;;;;;;;
28;29;15/04/2020;4;0;30;0;;;;;;;
28;39;15/04/2020;20;4;56;1;;;;;;;
28;49;15/04/2020;43;20;86;5;;;;;;;
28;59;15/04/2020;70;28;135;12;;;;;;;
28;69;15/04/2020;139;48;131;38;;;;;;;
28;79;15/04/2020;164;53;120;52;;;;;;;
28;89;15/04/2020;162;12;79;91;;;;;;;
28;90;15/04/2020;79;0;17;43;;;;;;;
32;0;15/04/2020;2536;533;2371;975;;;;;;;
32;9;15/04/2020;0;0;0;0;;;;;;;
32;19;15/04/2020;9;1;9;0;;;;;;;
32;29;15/04/2020;24;5;104;1;;;;;;;
32;39;15/04/2020;56;11;194;2;;;;;;;
32;49;15/04/2020;119;40;317;8;;;;;;;
32;59;15/04/2020;274;100;478;42;;;;;;;
32;69;15/04/2020;483;181;430;121;;;;;;;
32;79;15/04/2020;569;151;421;225;;;;;;;
32;89;15/04/2020;694;37;283;386;;;;;;;
32;90;15/04/2020;287;3;101;184;;;;;;;
44;0;15/04/2020;4877;833;5324;2249;;;;;;;
44;9;15/04/2020;0;0;0;0;;;;;;;
44;19;15/04/2020;13;1;40;0;;;;;;;
44;29;15/04/2020;43;9;201;2;;;;;;;
44;39;15/04/2020;89;22;319;12;;;;;;;
44;49;15/04/2020;188;49;497;22;;;;;;;
44;59;15/04/2020;484;152;917;60;;;;;;;
44;69;15/04/2020;918;291;1119;216;;;;;;;
44;79;15/04/2020;1172;260;1075;588;;;;;;;
44;89;15/04/2020;1353;43;767;936;;;;;;;
44;90;15/04/2020;572;0;227;406;;;;;;;
52;0;15/04/2020;794;145;817;222;;;;;;;
52;9;15/04/2020;0;0;0;0;;;;;;;
52;19;15/04/2020;0;0;2;0;;;;;;;
52;29;15/04/2020;5;2;39;0;;;;;;;
52;39;15/04/2020;12;5;57;0;;;;;;;
52;49;15/04/2020;31;13;114;1;;;;;;;
52;59;15/04/2020;74;24;137;6;;;;;;;
52;69;15/04/2020;144;48;157;21;;;;;;;
52;79;15/04/2020;171;51;169;38;;;;;;;
52;89;15/04/2020;234;2;116;90;;;;;;;
52;90;15/04/2020;123;0;23;66;;;;;;;
53;0;15/04/2020;504;106;540;159;;;;;;;
53;9;15/04/2020;0;0;0;0;;;;;;;
53;19;15/04/2020;1;0;4;0;;;;;;;
53;29;15/04/2020;3;1;19;0;;;;;;;
53;39;15/04/2020;6;0;50;0;;;;;;;
53;49;15/04/2020;35;10;58;0;;;;;;;
53;59;15/04/2020;61;23;96;2;;;;;;;
53;69;15/04/2020;81;34;108;19;;;;;;;
53;79;15/04/2020;127;36;127;33;;;;;;;
53;89;15/04/2020;119;2;57;59;;;;;;;
53;90;15/04/2020;67;0;13;46;;;;;;;
75;0;15/04/2020;828;236;924;214;;;;;;;
75;9;15/04/2020;0;0;0;0;;;;;;;
75;19;15/04/2020;3;0;6;0;;;;;;;
75;29;15/04/2020;9;2;38;1;;;;;;;
75;39;15/04/2020;13;7;72;0;;;;;;;
75;49;15/04/2020;34;15;101;0;;;;;;;
75;59;15/04/2020;81;41;179;8;;;;;;;
75;69;15/04/2020;165;79;203;16;;;;;;;
75;79;15/04/2020;186;72;151;47;;;;;;;
75;89;15/04/2020;222;20;114;84;;;;;;;
75;90;15/04/2020;110;0;43;57;;;;;;;
76;0;15/04/2020;913;265;1454;278;;;;;;;
76;9;15/04/2020;0;0;0;0;;;;;;;
76;19;15/04/2020;4;2;12;0;;;;;;;
76;29;15/04/2020;7;1;72;1;;;;;;;
76;39;15/04/2020;14;1;113;1;;;;;;;
76;49;15/04/2020;41;9;189;1;;;;;;;
76;59;15/04/2020;102;43;285;8;;;;;;;
76;69;15/04/2020;172;84;269;29;;;;;;;
76;79;15/04/2020;225;102;282;57;;;;;;;
76;89;15/04/2020;225;21;163;123;;;;;;;
76;90;15/04/2020;122;2;52;58;;;;;;;
84;0;15/04/2020;3004;639;3317;885;;;;;;;
84;9;15/04/2020;0;0;0;0;;;;;;;
84;19;15/04/2020;5;3;28;0;;;;;;;
84;29;15/04/2020;23;3;145;0;;;;;;;
84;39;15/04/2020;44;8;233;4;;;;;;;
84;49;15/04/2020;94;26;352;7;;;;;;;
84;59;15/04/2020;248;86;583;25;;;;;;;
84;69;15/04/2020;508;218;639;55;;;;;;;
84;79;15/04/2020;725;241;613;192;;;;;;;
84;89;15/04/2020;833;40;502;386;;;;;;;
84;90;15/04/2020;492;2;137;202;;;;;;;
93;0;15/04/2020;1909;403;2345;393;;;;;;;
93;9;15/04/2020;0;0;0;0;;;;;;;
93;19;15/04/2020;7;1;31;0;;;;;;;
93;29;15/04/2020;40;6;164;1;;;;;;;
93;39;15/04/2020;69;9;236;1;;;;;;;
93;49;15/04/2020;94;24;332;3;;;;;;;
93;59;15/04/2020;228;69;469;21;;;;;;;
93;69;15/04/2020;337;103;457;25;;;;;;;
93;79;15/04/2020;423;129;326;91;;;;;;;
93;89;15/04/2020;441;40;208;166;;;;;;;
93;90;15/04/2020;238;4;82;81;;;;;;;
94;0;15/04/2020;83;16;131;41;;;;;;;
94;9;15/04/2020;0;0;0;0;;;;;;;
94;19;15/04/2020;0;0;1;0;;;;;;;
94;29;15/04/2020;0;0;14;0;;;;;;;
94;39;15/04/2020;2;0;14;0;;;;;;;
94;49;15/04/2020;1;0;19;1;;;;;;;
94;59;15/04/2020;10;3;22;1;;;;;;;
94;69;15/04/2020;16;5;20;1;;;;;;;
94;79;15/04/2020;27;8;17;11;;;;;;;
94;89;15/04/2020;19;0;12;22;;;;;;;
94;90;15/04/2020;8;0;6;5;;;;;;;
1;0;16/04/2020;34;17;59;10;;;;;;;
1;9;16/04/2020;0;0;0;0;;;;;;;
1;19;16/04/2020;1;0;1;0;;;;;;;
1;29;16/04/2020;0;0;1;0;;;;;;;
1;39;16/04/2020;1;0;3;0;;;;;;;
1;49;16/04/2020;2;1;4;0;;;;;;;
1;59;16/04/2020;6;4;16;1;;;;;;;
1;69;16/04/2020;8;4;14;2;;;;;;;
1;79;16/04/2020;9;6;9;4;;;;;;;
1;89;16/04/2020;7;2;10;3;;;;;;;
1;90;16/04/2020;0;0;0;0;;;;;;;
2;0;16/04/2020;40;17;55;6;;;;;;;
2;9;16/04/2020;0;0;0;0;;;;;;;
2;19;16/04/2020;0;0;0;0;;;;;;;
2;29;16/04/2020;1;0;2;0;;;;;;;
2;39;16/04/2020;1;0;3;0;;;;;;;
2;49;16/04/2020;3;0;9;0;;;;;;;
2;59;16/04/2020;12;7;13;0;;;;;;;
2;69;16/04/2020;10;4;13;1;;;;;;;
2;79;16/04/2020;7;4;13;1;;;;;;;
2;89;16/04/2020;5;2;2;3;;;;;;;
2;90;16/04/2020;1;0;0;1;;;;;;;
3;0;16/04/2020;8;1;24;0;;;;;;;
3;9;16/04/2020;0;0;0;0;;;;;;;
3;19;16/04/2020;0;0;1;0;;;;;;;
3;29;16/04/2020;0;0;3;0;;;;;;;
3;39;16/04/2020;2;0;3;0;;;;;;;
3;49;16/04/2020;1;0;9;0;;;;;;;
3;59;16/04/2020;0;0;2;0;;;;;;;
3;69;16/04/2020;2;0;2;0;;;;;;;
3;79;16/04/2020;2;1;1;0;;;;;;;
3;89;16/04/2020;1;0;1;0;;;;;;;
3;90;16/04/2020;0;0;0;0;;;;;;;
4;0;16/04/2020;19;4;83;0;;;;;;;
4;9;16/04/2020;0;0;0;0;;;;;;;
4;19;16/04/2020;1;0;2;0;;;;;;;
4;29;16/04/2020;1;0;13;0;;;;;;;
4;39;16/04/2020;0;0;12;0;;;;;;;
4;49;16/04/2020;0;0;10;0;;;;;;;
4;59;16/04/2020;3;1;17;0;;;;;;;
4;69;16/04/2020;5;1;17;0;;;;;;;
4;79;16/04/2020;3;1;11;0;;;;;;;
4;89;16/04/2020;6;1;1;0;;;;;;;
4;90;16/04/2020;0;0;0;0;;;;;;;
6;0;16/04/2020;22;6;39;4;;;;;;;
6;9;16/04/2020;0;0;0;0;;;;;;;
6;19;16/04/2020;1;1;1;0;;;;;;;
6;29;16/04/2020;0;0;6;0;;;;;;;
6;39;16/04/2020;2;1;4;0;;;;;;;
6;49;16/04/2020;3;1;11;1;;;;;;;
6;59;16/04/2020;5;0;8;2;;;;;;;
6;69;16/04/2020;6;2;5;0;;;;;;;
6;79;16/04/2020;2;1;2;0;;;;;;;
6;89;16/04/2020;3;0;2;1;;;;;;;
6;90;16/04/2020;0;0;0;0;;;;;;;
11;0;16/04/2020;12834;2419;11279;4319;;;;;;;
11;9;16/04/2020;0;0;0;1;;;;;;;
11;19;16/04/2020;35;13;69;2;;;;;;;
11;29;16/04/2020;163;28;428;8;;;;;;;
11;39;16/04/2020;462;110;1070;32;;;;;;;
11;49;16/04/2020;916;263;1628;82;;;;;;;
11;59;16/04/2020;1793;635;2384;303;;;;;;;
11;69;16/04/2020;2425;796;2353;611;;;;;;;
11;79;16/04/2020;2619;486;1693;1067;;;;;;;
11;89;16/04/2020;2774;53;1051;1392;;;;;;;
11;90;16/04/2020;1486;6;289;783;;;;;;;
24;0;16/04/2020;964;165;770;252;;;;;;;
24;9;16/04/2020;0;0;0;0;;;;;;;
24;19;16/04/2020;3;0;9;0;;;;;;;
24;29;16/04/2020;6;2;26;0;;;;;;;
24;39;16/04/2020;16;5;44;1;;;;;;;
24;49;16/04/2020;28;8;97;3;;;;;;;
24;59;16/04/2020;68;21;121;6;;;;;;;
24;69;16/04/2020;157;61;148;18;;;;;;;
24;79;16/04/2020;222;59;149;46;;;;;;;
24;89;16/04/2020;280;7;110;100;;;;;;;
24;90;16/04/2020;174;2;43;76;;;;;;;
27;0;16/04/2020;1370;279;1659;607;;;;;;;
27;9;16/04/2020;0;0;0;0;;;;;;;
27;19;16/04/2020;5;1;15;0;;;;;;;
27;29;16/04/2020;3;0;62;0;;;;;;;
27;39;16/04/2020;14;3;114;2;;;;;;;
27;49;16/04/2020;29;12;177;4;;;;;;;
27;59;16/04/2020;104;49;267;12;;;;;;;
27;69;16/04/2020;211;83;313;48;;;;;;;
27;79;16/04/2020;336;110;306;126;;;;;;;
27;89;16/04/2020;442;19;300;281;;;;;;;
27;90;16/04/2020;219;1;91;131;;;;;;;
28;0;16/04/2020;674;166;706;252;;;;;;;
28;9;16/04/2020;0;0;0;0;;;;;;;
28;19;16/04/2020;3;1;4;0;;;;;;;
28;29;16/04/2020;3;0;30;0;;;;;;;
28;39;16/04/2020;19;5;59;1;;;;;;;
28;49;16/04/2020;39;17;89;6;;;;;;;
28;59;16/04/2020;71;28;141;12;;;;;;;
28;69;16/04/2020;134;48;139;39;;;;;;;
28;79;16/04/2020;165;53;129;54;;;;;;;
28;89;16/04/2020;163;13;85;96;;;;;;;
28;90;16/04/2020;76;0;20;44;;;;;;;
32;0;16/04/2020;2536;505;2515;1006;;;;;;;
32;9;16/04/2020;0;0;0;0;;;;;;;
32;19;16/04/2020;9;1;9;0;;;;;;;
32;29;16/04/2020;22;4;110;1;;;;;;;
32;39;16/04/2020;55;12;208;2;;;;;;;
32;49;16/04/2020;114;38;331;8;;;;;;;
32;59;16/04/2020;266;96;497;41;;;;;;;
32;69;16/04/2020;485;169;452;125;;;;;;;
32;79;16/04/2020;565;147;450;233;;;;;;;
32;89;16/04/2020;712;34;311;398;;;;;;;
32;90;16/04/2020;286;1;109;193;;;;;;;
44;0;16/04/2020;4769;810;5618;2306;;;;;;;
44;9;16/04/2020;0;0;0;0;;;;;;;
44;19;16/04/2020;14;1;41;0;;;;;;;
44;29;16/04/2020;43;8;206;2;;;;;;;
44;39;16/04/2020;87;23;326;12;;;;;;;
44;49;16/04/2020;177;46;516;25;;;;;;;
44;59;16/04/2020;461;150;958;61;;;;;;;
44;69;16/04/2020;899;280;1181;222;;;;;;;
44;79;16/04/2020;1143;256;1132;597;;;;;;;
44;89;16/04/2020;1317;42;846;963;;;;;;;
44;90;16/04/2020;579;0;248;416;;;;;;;
52;0;16/04/2020;799;136;876;235;;;;;;;
52;9;16/04/2020;0;0;0;0;;;;;;;
52;19;16/04/2020;0;0;2;0;;;;;;;
52;29;16/04/2020;5;2;40;0;;;;;;;
52;39;16/04/2020;11;5;63;0;;;;;;;
52;49;16/04/2020;30;12;116;1;;;;;;;
52;59;16/04/2020;69;21;146;7;;;;;;;
52;69;16/04/2020;137;46;170;22;;;;;;;
52;79;16/04/2020;172;48;179;42;;;;;;;
52;89;16/04/2020;245;2;131;95;;;;;;;
52;90;16/04/2020;130;0;25;68;;;;;;;
53;0;16/04/2020;484;102;576;166;;;;;;;
53;9;16/04/2020;0;0;0;0;;;;;;;
53;19;16/04/2020;1;0;4;0;;;;;;;
53;29;16/04/2020;2;1;21;0;;;;;;;
53;39;16/04/2020;7;0;51;0;;;;;;;
53;49;16/04/2020;31;8;64;0;;;;;;;
53;59;16/04/2020;59;20;101;3;;;;;;;
53;69;16/04/2020;73;35;116;21;;;;;;;
53;79;16/04/2020;118;36;135;34;;;;;;;
53;89;16/04/2020;123;2;62;60;;;;;;;
53;90;16/04/2020;66;0;14;48;;;;;;;
75;0;16/04/2020;812;220;973;220;;;;;;;
75;9;16/04/2020;0;0;0;0;;;;;;;
75;19;16/04/2020;4;0;7;0;;;;;;;
75;29;16/04/2020;10;2;39;1;;;;;;;
75;39;16/04/2020;14;5;73;0;;;;;;;
75;49;16/04/2020;33;14;104;0;;;;;;;
75;59;16/04/2020;75;38;189;8;;;;;;;
75;69;16/04/2020;153;75;217;16;;;;;;;
75;79;16/04/2020;186;66;153;50;;;;;;;
75;89;16/04/2020;221;20;123;86;;;;;;;
75;90;16/04/2020;111;0;51;58;;;;;;;
76;0;16/04/2020;870;256;1526;281;;;;;;;
76;9;16/04/2020;0;0;0;0;;;;;;;
76;19;16/04/2020;3;1;13;0;;;;;;;
76;29;16/04/2020;7;1;74;1;;;;;;;
76;39;16/04/2020;11;1;116;1;;;;;;;
76;49;16/04/2020;37;9;197;1;;;;;;;
76;59;16/04/2020;94;43;297;8;;;;;;;
76;69;16/04/2020;165;83;280;28;;;;;;;
76;79;16/04/2020;224;96;291;58;;;;;;;
76;89;16/04/2020;213;19;181;125;;;;;;;
76;90;16/04/2020;116;3;59;59;;;;;;;
84;0;16/04/2020;2970;628;3460;927;;;;;;;
84;9;16/04/2020;0;0;0;0;;;;;;;
84;19;16/04/2020;7;3;29;0;;;;;;;
84;29;16/04/2020;22;3;148;0;;;;;;;
84;39;16/04/2020;43;8;239;4;;;;;;;
84;49;16/04/2020;90;27;365;8;;;;;;;
84;59;16/04/2020;236;80;611;25;;;;;;;
84;69;16/04/2020;494;214;662;61;;;;;;;
84;79;16/04/2020;720;235;643;197;;;;;;;
84;89;16/04/2020;828;42;525;406;;;;;;;
84;90;16/04/2020;493;4;153;212;;;;;;;
93;0;16/04/2020;1883;393;2454;421;;;;;;;
93;9;16/04/2020;0;0;0;0;;;;;;;
93;19;16/04/2020;5;1;34;0;;;;;;;
93;29;16/04/2020;41;5;170;1;;;;;;;
93;39;16/04/2020;68;8;241;1;;;;;;;
93;49;16/04/2020;97;26;337;3;;;;;;;
93;59;16/04/2020;223;63;485;22;;;;;;;
93;69;16/04/2020;320;99;479;30;;;;;;;
93;79;16/04/2020;419;126;343;96;;;;;;;
93;89;16/04/2020;439;41;230;177;;;;;;;
93;90;16/04/2020;240;6;94;87;;;;;;;
94;0;16/04/2020;84;15;134;41;;;;;;;
94;9;16/04/2020;0;0;0;0;;;;;;;
94;19;16/04/2020;0;0;1;0;;;;;;;
94;29;16/04/2020;0;0;14;0;;;;;;;
94;39;16/04/2020;2;0;14;0;;;;;;;
94;49;16/04/2020;2;1;19;1;;;;;;;
94;59;16/04/2020;10;3;22;1;;;;;;;
94;69;16/04/2020;16;3;21;1;;;;;;;
94;79;16/04/2020;28;8;17;11;;;;;;;
94;89;16/04/2020;18;0;14;22;;;;;;;
94;90;16/04/2020;8;0;6;5;;;;;;;
1;0;17/04/2020;36;19;59;10;;;;;;;
1;9;17/04/2020;0;0;0;0;;;;;;;
1;19;17/04/2020;1;0;1;0;;;;;;;
1;29;17/04/2020;0;0;1;0;;;;;;;
1;39;17/04/2020;1;0;3;0;;;;;;;
1;49;17/04/2020;2;1;4;0;;;;;;;
1;59;17/04/2020;7;5;16;1;;;;;;;
1;69;17/04/2020;8;4;14;2;;;;;;;
1;79;17/04/2020;10;7;9;4;;;;;;;
1;89;17/04/2020;7;2;10;3;;;;;;;
1;90;17/04/2020;0;0;0;0;;;;;;;
2;0;17/04/2020;38;17;59;6;;;;;;;
2;9;17/04/2020;0;0;0;0;;;;;;;
2;19;17/04/2020;0;0;0;0;;;;;;;
2;29;17/04/2020;1;0;2;0;;;;;;;
2;39;17/04/2020;1;0;3;0;;;;;;;
2;49;17/04/2020;3;0;9;0;;;;;;;
2;59;17/04/2020;10;7;16;0;;;;;;;
2;69;17/04/2020;10;4;13;1;;;;;;;
2;79;17/04/2020;7;4;14;1;;;;;;;
2;89;17/04/2020;5;2;2;3;;;;;;;
2;90;17/04/2020;1;0;0;1;;;;;;;
3;0;17/04/2020;8;2;25;0;;;;;;;
3;9;17/04/2020;0;0;0;0;;;;;;;
3;19;17/04/2020;0;0;1;0;;;;;;;
3;29;17/04/2020;0;0;3;0;;;;;;;
3;39;17/04/2020;2;0;3;0;;;;;;;
3;49;17/04/2020;1;0;9;0;;;;;;;
3;59;17/04/2020;0;0;2;0;;;;;;;
3;69;17/04/2020;2;0;2;0;;;;;;;
3;79;17/04/2020;2;2;2;0;;;;;;;
3;89;17/04/2020;1;0;1;0;;;;;;;
3;90;17/04/2020;0;0;0;0;;;;;;;
4;0;17/04/2020;17;3;86;0;;;;;;;
4;9;17/04/2020;0;0;0;0;;;;;;;
4;19;17/04/2020;1;0;2;0;;;;;;;
4;29;17/04/2020;1;0;13;0;;;;;;;
4;39;17/04/2020;0;0;12;0;;;;;;;
4;49;17/04/2020;1;0;10;0;;;;;;;
4;59;17/04/2020;2;1;18;0;;;;;;;
4;69;17/04/2020;4;1;18;0;;;;;;;
4;79;17/04/2020;3;0;11;0;;;;;;;
4;89;17/04/2020;5;1;2;0;;;;;;;
4;90;17/04/2020;0;0;0;0;;;;;;;
6;0;17/04/2020;22;6;41;4;;;;;;;
6;9;17/04/2020;0;0;0;0;;;;;;;
6;19;17/04/2020;1;1;1;0;;;;;;;
6;29;17/04/2020;0;0;6;0;;;;;;;
6;39;17/04/2020;2;1;4;0;;;;;;;
6;49;17/04/2020;4;1;11;1;;;;;;;
6;59;17/04/2020;5;0;8;2;;;;;;;
6;69;17/04/2020;4;2;7;0;;;;;;;
6;79;17/04/2020;2;1;2;0;;;;;;;
6;89;17/04/2020;4;0;2;1;;;;;;;
6;90;17/04/2020;0;0;0;0;;;;;;;
11;0;17/04/2020;12766;2341;11927;4510;;;;;;;
11;9;17/04/2020;0;0;0;1;;;;;;;
11;19;17/04/2020;33;10;75;2;;;;;;;
11;29;17/04/2020;167;27;443;9;;;;;;;
11;39;17/04/2020;453;106;1109;33;;;;;;;
11;49;17/04/2020;895;254;1696;85;;;;;;;
11;59;17/04/2020;1791;623;2485;313;;;;;;;
11;69;17/04/2020;2404;768;2475;641;;;;;;;
11;79;17/04/2020;2571;463;1838;1106;;;;;;;
11;89;17/04/2020;2774;53;1149;1455;;;;;;;
11;90;17/04/2020;1526;6;330;828;;;;;;;
24;0;17/04/2020;973;174;821;264;;;;;;;
24;9;17/04/2020;0;0;0;0;;;;;;;
24;19;17/04/2020;0;0;11;0;;;;;;;
24;29;17/04/2020;5;2;27;0;;;;;;;
24;39;17/04/2020;16;5;46;2;;;;;;;
24;49;17/04/2020;29;9;100;3;;;;;;;
24;59;17/04/2020;68;22;128;6;;;;;;;
24;69;17/04/2020;159;61;157;18;;;;;;;
24;79;17/04/2020;221;62;160;46;;;;;;;
24;89;17/04/2020;283;11;123;108;;;;;;;
24;90;17/04/2020;185;2;46;79;;;;;;;
27;0;17/04/2020;1380;262;1728;623;;;;;;;
27;9;17/04/2020;0;0;0;0;;;;;;;
27;19;17/04/2020;5;1;15;0;;;;;;;
27;29;17/04/2020;4;0;62;0;;;;;;;
27;39;17/04/2020;13;3;116;2;;;;;;;
27;49;17/04/2020;28;11;180;4;;;;;;;
27;59;17/04/2020;105;49;274;12;;;;;;;
27;69;17/04/2020;213;78;326;50;;;;;;;
27;79;17/04/2020;333;101;324;130;;;;;;;
27;89;17/04/2020;450;17;320;290;;;;;;;
27;90;17/04/2020;223;1;97;133;;;;;;;
28;0;17/04/2020;660;152;743;262;;;;;;;
28;9;17/04/2020;0;0;0;0;;;;;;;
28;19;17/04/2020;2;1;4;0;;;;;;;
28;29;17/04/2020;4;0;30;0;;;;;;;
28;39;17/04/2020;16;5;62;1;;;;;;;
28;49;17/04/2020;34;16;92;7;;;;;;;
28;59;17/04/2020;66;25;147;12;;;;;;;
28;69;17/04/2020;132;41;149;42;;;;;;;
28;79;17/04/2020;163;50;133;56;;;;;;;
28;89;17/04/2020;166;13;92;99;;;;;;;
28;90;17/04/2020;76;0;24;45;;;;;;;
32;0;17/04/2020;2517;494;2662;1054;;;;;;;
32;9;17/04/2020;0;0;0;0;;;;;;;
32;19;17/04/2020;11;0;9;0;;;;;;;
32;29;17/04/2020;23;4;113;1;;;;;;;
32;39;17/04/2020;52;12;215;2;;;;;;;
32;49;17/04/2020;106;39;348;8;;;;;;;
32;59;17/04/2020;260;91;512;45;;;;;;;
32;69;17/04/2020;476;168;476;131;;;;;;;
32;79;17/04/2020;566;146;479;242;;;;;;;
32;89;17/04/2020;711;30;347;418;;;;;;;
32;90;17/04/2020;292;1;122;202;;;;;;;
44;0;17/04/2020;4725;789;5828;2358;;;;;;;
44;9;17/04/2020;0;0;0;0;;;;;;;
44;19;17/04/2020;14;1;43;0;;;;;;;
44;29;17/04/2020;43;8;207;2;;;;;;;
44;39;17/04/2020;84;22;332;13;;;;;;;
44;49;17/04/2020;171;46;532;26;;;;;;;
44;59;17/04/2020;446;139;991;62;;;;;;;
44;69;17/04/2020;882;270;1222;229;;;;;;;
44;79;17/04/2020;1120;254;1184;607;;;;;;;
44;89;17/04/2020;1329;44;888;984;;;;;;;
44;90;17/04/2020;591;0;261;426;;;;;;;
52;0;17/04/2020;802;131;910;242;;;;;;;
52;9;17/04/2020;0;0;0;0;;;;;;;
52;19;17/04/2020;0;0;3;0;;;;;;;
52;29;17/04/2020;5;2;41;0;;;;;;;
52;39;17/04/2020;11;5;64;0;;;;;;;
52;49;17/04/2020;27;12;122;1;;;;;;;
52;59;17/04/2020;69;20;146;7;;;;;;;
52;69;17/04/2020;140;44;175;22;;;;;;;
52;79;17/04/2020;176;46;185;43;;;;;;;
52;89;17/04/2020;245;2;141;97;;;;;;;
52;90;17/04/2020;129;0;29;72;;;;;;;
53;0;17/04/2020;483;93;596;171;;;;;;;
53;9;17/04/2020;0;0;0;0;;;;;;;
53;19;17/04/2020;1;0;4;0;;;;;;;
53;29;17/04/2020;2;1;21;0;;;;;;;
53;39;17/04/2020;8;0;51;0;;;;;;;
53;49;17/04/2020;29;6;68;0;;;;;;;
53;59;17/04/2020;58;17;103;3;;;;;;;
53;69;17/04/2020;73;34;119;21;;;;;;;
53;79;17/04/2020;120;34;136;36;;;;;;;
53;89;17/04/2020;123;1;70;61;;;;;;;
53;90;17/04/2020;65;0;16;50;;;;;;;
75;0;17/04/2020;830;203;1002;233;;;;;;;
75;9;17/04/2020;0;0;0;0;;;;;;;
75;19;17/04/2020;5;1;7;0;;;;;;;
75;29;17/04/2020;8;2;43;1;;;;;;;
75;39;17/04/2020;14;4;74;0;;;;;;;
75;49;17/04/2020;29;11;107;1;;;;;;;
75;59;17/04/2020;84;33;192;9;;;;;;;
75;69;17/04/2020;151;70;224;17;;;;;;;
75;79;17/04/2020;189;63;156;52;;;;;;;
75;89;17/04/2020;230;18;129;92;;;;;;;
75;90;17/04/2020;115;1;53;60;;;;;;;
76;0;17/04/2020;866;243;1583;290;;;;;;;
76;9;17/04/2020;0;0;0;0;;;;;;;
76;19;17/04/2020;3;1;13;0;;;;;;;
76;29;17/04/2020;6;1;76;2;;;;;;;
76;39;17/04/2020;10;1;122;1;;;;;;;
76;49;17/04/2020;33;8;202;1;;;;;;;
76;59;17/04/2020;91;37;304;9;;;;;;;
76;69;17/04/2020;160;84;292;30;;;;;;;
76;79;17/04/2020;219;88;303;60;;;;;;;
76;89;17/04/2020;218;20;189;128;;;;;;;
76;90;17/04/2020;125;3;65;59;;;;;;;
84;0;17/04/2020;2965;601;3637;954;;;;;;;
84;9;17/04/2020;0;0;0;0;;;;;;;
84;19;17/04/2020;7;3;29;0;;;;;;;
84;29;17/04/2020;22;3;153;0;;;;;;;
84;39;17/04/2020;37;8;252;4;;;;;;;
84;49;17/04/2020;88;25;382;8;;;;;;;
84;59;17/04/2020;231;76;636;27;;;;;;;
84;69;17/04/2020;484;200;685;62;;;;;;;
84;79;17/04/2020;720;227;674;201;;;;;;;
84;89;17/04/2020;847;43;560;416;;;;;;;
84;90;17/04/2020;494;3;176;222;;;;;;;
93;0;17/04/2020;1889;378;2572;447;;;;;;;
93;9;17/04/2020;0;0;0;0;;;;;;;
93;19;17/04/2020;5;0;35;0;;;;;;;
93;29;17/04/2020;43;5;172;1;;;;;;;
93;39;17/04/2020;60;8;250;1;;;;;;;
93;49;17/04/2020;88;24;350;3;;;;;;;
93;59;17/04/2020;213;59;507;23;;;;;;;
93;69;17/04/2020;311;97;504;32;;;;;;;
93;79;17/04/2020;417;122;368;102;;;;;;;
93;89;17/04/2020;462;38;243;190;;;;;;;
93;90;17/04/2020;259;6;102;91;;;;;;;
94;0;17/04/2020;84;14;135;42;;;;;;;
94;9;17/04/2020;0;0;0;0;;;;;;;
94;19;17/04/2020;0;0;1;0;;;;;;;
94;29;17/04/2020;0;0;14;0;;;;;;;
94;39;17/04/2020;2;0;14;0;;;;;;;
94;49;17/04/2020;2;1;19;1;;;;;;;
94;59;17/04/2020;10;2;22;1;;;;;;;
94;69;17/04/2020;16;3;21;1;;;;;;;
94;79;17/04/2020;27;7;18;12;;;;;;;
94;89;17/04/2020;19;1;14;22;;;;;;;
94;90;17/04/2020;8;0;6;5;;;;;;;
1;0;18/04/2020;33;17;61;11;;;;;;;
1;9;18/04/2020;0;0;0;0;;;;;;;
1;19;18/04/2020;1;0;1;0;;;;;;;
1;29;18/04/2020;0;0;1;0;;;;;;;
1;39;18/04/2020;1;0;3;0;;;;;;;
1;49;18/04/2020;2;1;4;0;;;;;;;
1;59;18/04/2020;5;4;17;2;;;;;;;
1;69;18/04/2020;8;4;14;2;;;;;;;
1;79;18/04/2020;9;6;10;4;;;;;;;
1;89;18/04/2020;7;2;10;3;;;;;;;
1;90;18/04/2020;0;0;0;0;;;;;;;
2;0;18/04/2020;36;14;60;7;;;;;;;
2;9;18/04/2020;0;0;0;0;;;;;;;
2;19;18/04/2020;0;0;0;0;;;;;;;
2;29;18/04/2020;1;0;2;0;;;;;;;
2;39;18/04/2020;1;0;3;0;;;;;;;
2;49;18/04/2020;3;0;9;0;;;;;;;
2;59;18/04/2020;9;6;17;0;;;;;;;
2;69;18/04/2020;10;4;13;1;;;;;;;
2;79;18/04/2020;6;3;14;2;;;;;;;
2;89;18/04/2020;5;1;2;3;;;;;;;
2;90;18/04/2020;1;0;0;1;;;;;;;
3;0;18/04/2020;8;2;25;0;;;;;;;
3;9;18/04/2020;0;0;0;0;;;;;;;
3;19;18/04/2020;0;0;1;0;;;;;;;
3;29;18/04/2020;0;0;3;0;;;;;;;
3;39;18/04/2020;2;0;3;0;;;;;;;
3;49;18/04/2020;1;0;9;0;;;;;;;
3;59;18/04/2020;0;0;2;0;;;;;;;
3;69;18/04/2020;2;0;2;0;;;;;;;
3;79;18/04/2020;2;2;2;0;;;;;;;
3;89;18/04/2020;1;0;1;0;;;;;;;
3;90;18/04/2020;0;0;0;0;;;;;;;
4;0;18/04/2020;14;2;89;0;;;;;;;
4;9;18/04/2020;0;0;0;0;;;;;;;
4;19;18/04/2020;1;0;2;0;;;;;;;
4;29;18/04/2020;0;0;14;0;;;;;;;
4;39;18/04/2020;0;0;12;0;;;;;;;
4;49;18/04/2020;1;0;10;0;;;;;;;
4;59;18/04/2020;2;1;18;0;;;;;;;
4;69;18/04/2020;4;1;18;0;;;;;;;
4;79;18/04/2020;2;0;12;0;;;;;;;
4;89;18/04/2020;4;0;3;0;;;;;;;
4;90;18/04/2020;0;0;0;0;;;;;;;
6;0;18/04/2020;24;5;41;4;;;;;;;
6;9;18/04/2020;0;0;0;0;;;;;;;
6;19;18/04/2020;2;1;1;0;;;;;;;
6;29;18/04/2020;0;0;6;0;;;;;;;
6;39;18/04/2020;2;0;4;0;;;;;;;
6;49;18/04/2020;5;1;11;1;;;;;;;
6;59;18/04/2020;5;0;8;2;;;;;;;
6;69;18/04/2020;4;2;7;0;;;;;;;
6;79;18/04/2020;2;1;2;0;;;;;;;
6;89;18/04/2020;4;0;2;1;;;;;;;
6;90;18/04/2020;0;0;0;0;;;;;;;
11;0;18/04/2020;12490;2293;12555;4664;;;;;;;
11;9;18/04/2020;0;0;0;1;;;;;;;
11;19;18/04/2020;37;12;76;3;;;;;;;
11;29;18/04/2020;149;25;468;10;;;;;;;
11;39;18/04/2020;426;105;1146;33;;;;;;;
11;49;18/04/2020;844;246;1773;87;;;;;;;
11;59;18/04/2020;1693;603;2623;323;;;;;;;
11;69;18/04/2020;2334;754;2597;663;;;;;;;
11;79;18/04/2020;2552;459;1937;1141;;;;;;;
11;89;18/04/2020;2765;53;1233;1501;;;;;;;
11;90;18/04/2020;1549;6;367;862;;;;;;;
24;0;18/04/2020;963;166;853;276;;;;;;;
24;9;18/04/2020;0;0;0;0;;;;;;;
24;19;18/04/2020;0;0;11;0;;;;;;;
24;29;18/04/2020;6;2;27;0;;;;;;;
24;39;18/04/2020;14;5;48;2;;;;;;;
24;49;18/04/2020;28;10;105;3;;;;;;;
24;59;18/04/2020;68;22;133;6;;;;;;;
24;69;18/04/2020;154;54;161;20;;;;;;;
24;79;18/04/2020;222;58;164;46;;;;;;;
24;89;18/04/2020;284;12;130;111;;;;;;;
24;90;18/04/2020;180;3;50;86;;;;;;;
27;0;18/04/2020;1351;255;1788;644;;;;;;;
27;9;18/04/2020;0;0;0;0;;;;;;;
27;19;18/04/2020;5;1;15;0;;;;;;;
27;29;18/04/2020;3;0;63;0;;;;;;;
27;39;18/04/2020;13;3;118;2;;;;;;;
27;49;18/04/2020;26;9;184;4;;;;;;;
27;59;18/04/2020;102;45;282;14;;;;;;;
27;69;18/04/2020;206;77;332;55;;;;;;;
27;79;18/04/2020;329;99;341;133;;;;;;;
27;89;18/04/2020;439;18;339;294;;;;;;;
27;90;18/04/2020;222;2;100;140;;;;;;;
28;0;18/04/2020;657;146;789;267;;;;;;;
28;9;18/04/2020;0;0;0;0;;;;;;;
28;19;18/04/2020;2;0;4;0;;;;;;;
28;29;18/04/2020;7;1;31;0;;;;;;;
28;39;18/04/2020;14;5;68;1;;;;;;;
28;49;18/04/2020;31;14;98;7;;;;;;;
28;59;18/04/2020;65;24;153;12;;;;;;;
28;69;18/04/2020;128;39;158;43;;;;;;;
28;79;18/04/2020;159;50;140;58;;;;;;;
28;89;18/04/2020;171;12;102;101;;;;;;;
28;90;18/04/2020;79;0;25;45;;;;;;;
32;0;18/04/2020;2516;476;2744;1077;;;;;;;
32;9;18/04/2020;0;0;0;0;;;;;;;
32;19;18/04/2020;10;0;10;0;;;;;;;
32;29;18/04/2020;23;4;118;1;;;;;;;
32;39;18/04/2020;50;11;226;2;;;;;;;
32;49;18/04/2020;112;38;361;8;;;;;;;
32;59;18/04/2020;252;89;526;45;;;;;;;
32;69;18/04/2020;469;157;490;135;;;;;;;
32;79;18/04/2020;569;144;488;244;;;;;;;
32;89;18/04/2020;709;29;359;430;;;;;;;
32;90;18/04/2020;302;1;123;207;;;;;;;
44;0;18/04/2020;4632;757;6058;2422;;;;;;;
44;9;18/04/2020;0;0;0;0;;;;;;;
44;19;18/04/2020;15;1;43;0;;;;;;;
44;29;18/04/2020;39;8;212;2;;;;;;;
44;39;18/04/2020;79;20;339;13;;;;;;;
44;49;18/04/2020;169;44;545;26;;;;;;;
44;59;18/04/2020;436;133;1015;63;;;;;;;
44;69;18/04/2020;850;258;1266;242;;;;;;;
44;79;18/04/2020;1102;245;1232;622;;;;;;;
44;89;18/04/2020;1301;42;954;1007;;;;;;;
44;90;18/04/2020;594;1;281;439;;;;;;;
52;0;18/04/2020;787;125;939;251;;;;;;;
52;9;18/04/2020;0;0;0;0;;;;;;;
52;19;18/04/2020;0;0;3;0;;;;;;;
52;29;18/04/2020;5;1;41;0;;;;;;;
52;39;18/04/2020;13;5;64;0;;;;;;;
52;49;18/04/2020;25;11;125;1;;;;;;;
52;59;18/04/2020;62;19;152;7;;;;;;;
52;69;18/04/2020;137;43;182;22;;;;;;;
52;79;18/04/2020;173;44;191;43;;;;;;;
52;89;18/04/2020;242;2;146;102;;;;;;;
52;90;18/04/2020;129;0;31;76;;;;;;;
53;0;18/04/2020;468;88;627;181;;;;;;;
53;9;18/04/2020;0;0;0;0;;;;;;;
53;19;18/04/2020;1;0;4;0;;;;;;;
53;29;18/04/2020;3;1;21;0;;;;;;;
53;39;18/04/2020;9;0;54;0;;;;;;;
53;49;18/04/2020;29;6;71;0;;;;;;;
53;59;18/04/2020;54;15;107;3;;;;;;;
53;69;18/04/2020;75;33;122;22;;;;;;;
53;79;18/04/2020;117;31;140;38;;;;;;;
53;89;18/04/2020;112;2;82;67;;;;;;;
53;90;18/04/2020;65;0;17;51;;;;;;;
75;0;18/04/2020;812;193;1047;241;;;;;;;
75;9;18/04/2020;0;0;0;0;;;;;;;
75;19;18/04/2020;5;1;7;0;;;;;;;
75;29;18/04/2020;5;2;47;1;;;;;;;
75;39;18/04/2020;12;3;74;0;;;;;;;
75;49;18/04/2020;26;10;110;1;;;;;;;
75;59;18/04/2020;79;32;201;9;;;;;;;
75;69;18/04/2020;149;65;231;17;;;;;;;
75;79;18/04/2020;178;59;169;53;;;;;;;
75;89;18/04/2020;227;20;137;96;;;;;;;
75;90;18/04/2020;128;1;54;63;;;;;;;
76;0;18/04/2020;860;240;1676;292;;;;;;;
76;9;18/04/2020;0;0;0;0;;;;;;;
76;19;18/04/2020;2;1;14;0;;;;;;;
76;29;18/04/2020;5;1;77;1;;;;;;;
76;39;18/04/2020;9;1;123;1;;;;;;;
76;49;18/04/2020;28;7;212;1;;;;;;;
76;59;18/04/2020;89;37;314;9;;;;;;;
76;69;18/04/2020;153;86;311;30;;;;;;;
76;79;18/04/2020;211;84;318;61;;;;;;;
76;89;18/04/2020;227;20;201;130;;;;;;;
76;90;18/04/2020;135;3;88;59;;;;;;;
84;0;18/04/2020;2942;578;3797;992;;;;;;;
84;9;18/04/2020;0;0;0;0;;;;;;;
84;19;18/04/2020;6;3;30;0;;;;;;;
84;29;18/04/2020;22;2;157;0;;;;;;;
84;39;18/04/2020;37;9;259;4;;;;;;;
84;49;18/04/2020;89;24;389;8;;;;;;;
84;59;18/04/2020;222;77;657;27;;;;;;;
84;69;18/04/2020;452;191;720;66;;;;;;;
84;79;18/04/2020;721;220;699;205;;;;;;;
84;89;18/04/2020;840;39;598;436;;;;;;;
84;90;18/04/2020;519;3;197;231;;;;;;;
93;0;18/04/2020;1846;364;2682;463;;;;;;;
93;9;18/04/2020;0;0;0;0;;;;;;;
93;19;18/04/2020;5;0;35;0;;;;;;;
93;29;18/04/2020;43;4;177;1;;;;;;;
93;39;18/04/2020;59;7;254;1;;;;;;;
93;49;18/04/2020;83;22;362;3;;;;;;;
93;59;18/04/2020;202;58;526;23;;;;;;;
93;69;18/04/2020;288;94;534;32;;;;;;;
93;79;18/04/2020;415;120;387;105;;;;;;;
93;89;18/04/2020;467;37;259;195;;;;;;;
93;90;18/04/2020;259;6;107;98;;;;;;;
94;0;18/04/2020;76;12;146;42;;;;;;;
94;9;18/04/2020;0;0;0;0;;;;;;;
94;19;18/04/2020;0;0;1;0;;;;;;;
94;29;18/04/2020;0;0;14;0;;;;;;;
94;39;18/04/2020;1;0;15;0;;;;;;;
94;49;18/04/2020;3;1;19;1;;;;;;;
94;59;18/04/2020;7;1;25;1;;;;;;;
94;69;18/04/2020;15;3;22;1;;;;;;;
94;79;18/04/2020;26;7;20;12;;;;;;;
94;89;18/04/2020;17;0;17;22;;;;;;;
94;90;18/04/2020;7;0;7;5;;;;;;;
1;0;19/04/2020;34;17;61;11;;;;;;;
1;9;19/04/2020;0;0;0;0;;;;;;;
1;19;19/04/2020;1;0;1;0;;;;;;;
1;29;19/04/2020;0;0;1;0;;;;;;;
1;39;19/04/2020;1;0;3;0;;;;;;;
1;49;19/04/2020;2;1;4;0;;;;;;;
1;59;19/04/2020;5;4;17;2;;;;;;;
1;69;19/04/2020;8;4;14;2;;;;;;;
1;79;19/04/2020;10;6;10;4;;;;;;;
1;89;19/04/2020;7;2;10;3;;;;;;;
1;90;19/04/2020;0;0;0;0;;;;;;;
2;0;19/04/2020;37;13;60;7;;;;;;;
2;9;19/04/2020;0;0;0;0;;;;;;;
2;19;19/04/2020;0;0;0;0;;;;;;;
2;29;19/04/2020;1;0;2;0;;;;;;;
2;39;19/04/2020;1;0;3;0;;;;;;;
2;49;19/04/2020;3;0;9;0;;;;;;;
2;59;19/04/2020;9;6;17;0;;;;;;;
2;69;19/04/2020;11;4;13;1;;;;;;;
2;79;19/04/2020;6;2;14;2;;;;;;;
2;89;19/04/2020;5;1;2;3;;;;;;;
2;90;19/04/2020;1;0;0;1;;;;;;;
3;0;19/04/2020;5;2;28;0;;;;;;;
3;9;19/04/2020;0;0;0;0;;;;;;;
3;19;19/04/2020;0;0;1;0;;;;;;;
3;29;19/04/2020;0;0;3;0;;;;;;;
3;39;19/04/2020;0;0;5;0;;;;;;;
3;49;19/04/2020;0;0;10;0;;;;;;;
3;59;19/04/2020;0;0;2;0;;;;;;;
3;69;19/04/2020;2;0;2;0;;;;;;;
3;79;19/04/2020;2;2;2;0;;;;;;;
3;89;19/04/2020;1;0;1;0;;;;;;;
3;90;19/04/2020;0;0;0;0;;;;;;;
4;0;19/04/2020;17;2;90;0;;;;;;;
4;9;19/04/2020;0;0;0;0;;;;;;;
4;19;19/04/2020;1;0;2;0;;;;;;;
4;29;19/04/2020;0;0;15;0;;;;;;;
4;39;19/04/2020;0;0;12;0;;;;;;;
4;49;19/04/2020;1;0;10;0;;;;;;;
4;59;19/04/2020;2;1;18;0;;;;;;;
4;69;19/04/2020;4;1;18;0;;;;;;;
4;79;19/04/2020;3;0;12;0;;;;;;;
4;89;19/04/2020;5;0;3;0;;;;;;;
4;90;19/04/2020;0;0;0;0;;;;;;;
6;0;19/04/2020;25;4;44;5;;;;;;;
6;9;19/04/2020;0;0;0;0;;;;;;;
6;19;19/04/2020;1;1;2;0;;;;;;;
6;29;19/04/2020;0;0;6;0;;;;;;;
6;39;19/04/2020;3;0;4;0;;;;;;;
6;49;19/04/2020;5;1;11;1;;;;;;;
6;59;19/04/2020;5;0;10;2;;;;;;;
6;69;19/04/2020;5;2;7;0;;;;;;;
6;79;19/04/2020;1;0;2;1;;;;;;;
6;89;19/04/2020;4;0;2;1;;;;;;;
6;90;19/04/2020;0;0;0;0;;;;;;;
11;0;19/04/2020;12474;2254;12766;4756;;;;;;;
11;9;19/04/2020;0;0;0;1;;;;;;;
11;19;19/04/2020;34;10;81;3;;;;;;;
11;29;19/04/2020;146;26;477;10;;;;;;;
11;39;19/04/2020;418;104;1165;33;;;;;;;
11;49;19/04/2020;829;244;1803;90;;;;;;;
11;59;19/04/2020;1680;592;2667;329;;;;;;;
11;69;19/04/2020;2324;734;2639;676;;;;;;;
11;79;19/04/2020;2555;458;1971;1165;;;;;;;
11;89;19/04/2020;2776;52;1253;1531;;;;;;;
11;90;19/04/2020;1571;5;372;878;;;;;;;
24;0;19/04/2020;970;169;867;284;;;;;;;
24;9;19/04/2020;0;0;0;0;;;;;;;
24;19;19/04/2020;0;0;11;0;;;;;;;
24;29;19/04/2020;6;1;27;0;;;;;;;
24;39;19/04/2020;16;6;48;2;;;;;;;
24;49;19/04/2020;28;10;105;3;;;;;;;
24;59;19/04/2020;65;23;138;6;;;;;;;
24;69;19/04/2020;152;53;165;21;;;;;;;
24;79;19/04/2020;223;61;167;48;;;;;;;
24;89;19/04/2020;289;12;131;114;;;;;;;
24;90;19/04/2020;185;3;50;88;;;;;;;
27;0;19/04/2020;1327;239;1839;657;;;;;;;
27;9;19/04/2020;0;0;0;0;;;;;;;
27;19;19/04/2020;5;0;15;0;;;;;;;
27;29;19/04/2020;3;1;63;0;;;;;;;
27;39;19/04/2020;9;1;122;2;;;;;;;
27;49;19/04/2020;21;8;191;4;;;;;;;
27;59;19/04/2020;97;36;288;15;;;;;;;
27;69;19/04/2020;204;74;339;56;;;;;;;
27;79;19/04/2020;329;95;350;136;;;;;;;
27;89;19/04/2020;436;21;348;301;;;;;;;
27;90;19/04/2020;218;2;108;141;;;;;;;
28;0;19/04/2020;666;149;805;274;;;;;;;
28;9;19/04/2020;0;0;0;0;;;;;;;
28;19;19/04/2020;2;0;4;0;;;;;;;
28;29;19/04/2020;6;1;32;0;;;;;;;
28;39;19/04/2020;14;6;69;1;;;;;;;
28;49;19/04/2020;29;13;100;7;;;;;;;
28;59;19/04/2020;66;24;154;12;;;;;;;
28;69;19/04/2020;129;39;163;44;;;;;;;
28;79;19/04/2020;164;54;145;59;;;;;;;
28;89;19/04/2020;174;11;103;105;;;;;;;
28;90;19/04/2020;80;0;25;46;;;;;;;
32;0;19/04/2020;2539;472;2789;1094;;;;;;;
32;9;19/04/2020;0;0;0;0;;;;;;;
32;19;19/04/2020;10;0;10;0;;;;;;;
32;29;19/04/2020;26;4;122;1;;;;;;;
32;39;19/04/2020;53;10;230;2;;;;;;;
32;49;19/04/2020;111;38;367;9;;;;;;;
32;59;19/04/2020;252;86;539;46;;;;;;;
32;69;19/04/2020;473;159;498;139;;;;;;;
32;79;19/04/2020;574;141;493;245;;;;;;;
32;89;19/04/2020;716;30;364;438;;;;;;;
32;90;19/04/2020;304;1;124;209;;;;;;;
44;0;19/04/2020;4608;742;6139;2463;;;;;;;
44;9;19/04/2020;0;0;0;0;;;;;;;
44;19;19/04/2020;12;1;46;0;;;;;;;
44;29;19/04/2020;35;9;216;2;;;;;;;
44;39;19/04/2020;80;19;344;13;;;;;;;
44;49;19/04/2020;168;44;552;26;;;;;;;
44;59;19/04/2020;433;130;1029;65;;;;;;;
44;69;19/04/2020;842;256;1283;250;;;;;;;
44;79;19/04/2020;1096;238;1241;631;;;;;;;
44;89;19/04/2020;1303;40;965;1022;;;;;;;
44;90;19/04/2020;596;0;286;446;;;;;;;
52;0;19/04/2020;787;121;947;258;;;;;;;
52;9;19/04/2020;0;0;0;0;;;;;;;
52;19;19/04/2020;0;0;3;0;;;;;;;
52;29;19/04/2020;5;1;42;0;;;;;;;
52;39;19/04/2020;15;5;65;0;;;;;;;
52;49;19/04/2020;24;12;126;1;;;;;;;
52;59;19/04/2020;62;18;153;7;;;;;;;
52;69;19/04/2020;136;42;186;22;;;;;;;
52;79;19/04/2020;172;41;191;44;;;;;;;
52;89;19/04/2020;242;2;146;106;;;;;;;
52;90;19/04/2020;129;0;31;78;;;;;;;
53;0;19/04/2020;461;86;639;185;;;;;;;
53;9;19/04/2020;0;0;0;0;;;;;;;
53;19;19/04/2020;1;0;4;0;;;;;;;
53;29;19/04/2020;3;1;21;0;;;;;;;
53;39;19/04/2020;8;0;55;0;;;;;;;
53;49;19/04/2020;29;6;72;0;;;;;;;
53;59;19/04/2020;52;14;109;2;;;;;;;
53;69;19/04/2020;75;32;123;22;;;;;;;
53;79;19/04/2020;112;31;145;40;;;;;;;
53;89;19/04/2020;111;2;83;69;;;;;;;
53;90;19/04/2020;66;0;18;52;;;;;;;
75;0;19/04/2020;825;196;1061;247;;;;;;;
75;9;19/04/2020;0;0;0;0;;;;;;;
75;19;19/04/2020;5;1;7;0;;;;;;;
75;29;19/04/2020;6;2;49;1;;;;;;;
75;39;19/04/2020;11;3;76;0;;;;;;;
75;49;19/04/2020;27;10;111;1;;;;;;;
75;59;19/04/2020;79;34;205;9;;;;;;;
75;69;19/04/2020;152;64;231;17;;;;;;;
75;79;19/04/2020;178;61;172;56;;;;;;;
75;89;19/04/2020;235;20;137;98;;;;;;;
75;90;19/04/2020;129;1;56;64;;;;;;;
76;0;19/04/2020;877;245;1687;295;;;;;;;
76;9;19/04/2020;0;0;0;0;;;;;;;
76;19;19/04/2020;2;1;14;0;;;;;;;
76;29;19/04/2020;5;1;77;1;;;;;;;
76;39;19/04/2020;9;2;125;1;;;;;;;
76;49;19/04/2020;27;6;216;1;;;;;;;
76;59;19/04/2020;89;38;316;9;;;;;;;
76;69;19/04/2020;154;83;312;31;;;;;;;
76;79;19/04/2020;222;91;318;61;;;;;;;
76;89;19/04/2020;230;19;203;131;;;;;;;
76;90;19/04/2020;137;4;88;60;;;;;;;
84;0;19/04/2020;2983;573;3833;1011;;;;;;;
84;9;19/04/2020;0;0;0;0;;;;;;;
84;19;19/04/2020;7;4;30;0;;;;;;;
84;29;19/04/2020;24;2;160;0;;;;;;;
84;39;19/04/2020;40;11;262;4;;;;;;;
84;49;19/04/2020;89;22;396;8;;;;;;;
84;59;19/04/2020;224;76;665;28;;;;;;;
84;69;19/04/2020;451;187;726;69;;;;;;;
84;79;19/04/2020;737;221;703;208;;;;;;;
84;89;19/04/2020;844;37;602;442;;;;;;;
84;90;19/04/2020;532;2;198;237;;;;;;;
93;0;19/04/2020;1776;348;2767;470;;;;;;;
93;9;19/04/2020;0;0;0;0;;;;;;;
93;19;19/04/2020;4;0;36;0;;;;;;;
93;29;19/04/2020;36;3;183;1;;;;;;;
93;39;19/04/2020;58;7;259;1;;;;;;;
93;49;19/04/2020;81;22;371;4;;;;;;;
93;59;19/04/2020;187;55;543;23;;;;;;;
93;69;19/04/2020;268;95;557;33;;;;;;;
93;79;19/04/2020;408;121;398;107;;;;;;;
93;89;19/04/2020;467;36;267;198;;;;;;;
93;90;19/04/2020;257;6;111;98;;;;;;;
94;0;19/04/2020;75;12;150;44;;;;;;;
94;9;19/04/2020;0;0;0;0;;;;;;;
94;19;19/04/2020;0;0;1;0;;;;;;;
94;29;19/04/2020;0;0;14;0;;;;;;;
94;39;19/04/2020;1;0;15;0;;;;;;;
94;49;19/04/2020;2;1;20;1;;;;;;;
94;59;19/04/2020;7;1;25;1;;;;;;;
94;69;19/04/2020;13;3;25;1;;;;;;;
94;79;19/04/2020;26;7;20;12;;;;;;;
94;89;19/04/2020;17;0;17;23;;;;;;;
94;90;19/04/2020;9;0;7;6;;;;;;;
1;0;20/04/2020;32;16;62;12;;;;;;;
1;9;20/04/2020;0;0;0;0;;;;;;;
1;19;20/04/2020;1;0;1;0;;;;;;;
1;29;20/04/2020;0;0;1;0;;;;;;;
1;39;20/04/2020;1;0;3;0;;;;;;;
1;49;20/04/2020;2;1;4;0;;;;;;;
1;59;20/04/2020;5;3;17;2;;;;;;;
1;69;20/04/2020;6;4;15;3;;;;;;;
1;79;20/04/2020;10;6;10;4;;;;;;;
1;89;20/04/2020;7;2;10;3;;;;;;;
1;90;20/04/2020;0;0;0;0;;;;;;;
2;0;20/04/2020;35;10;60;9;;;;;;;
2;9;20/04/2020;0;0;0;0;;;;;;;
2;19;20/04/2020;0;0;0;0;;;;;;;
2;29;20/04/2020;1;0;2;0;;;;;;;
2;39;20/04/2020;1;0;3;0;;;;;;;
2;49;20/04/2020;3;0;9;0;;;;;;;
2;59;20/04/2020;9;6;17;0;;;;;;;
2;69;20/04/2020;10;2;13;2;;;;;;;
2;79;20/04/2020;6;2;14;2;;;;;;;
2;89;20/04/2020;4;0;2;4;;;;;;;
2;90;20/04/2020;1;0;0;1;;;;;;;
3;0;20/04/2020;4;2;29;0;;;;;;;
3;9;20/04/2020;0;0;0;0;;;;;;;
3;19;20/04/2020;0;0;1;0;;;;;;;
3;29;20/04/2020;0;0;3;0;;;;;;;
3;39;20/04/2020;0;0;5;0;;;;;;;
3;49;20/04/2020;0;0;10;0;;;;;;;
3;59;20/04/2020;0;0;2;0;;;;;;;
3;69;20/04/2020;1;0;3;0;;;;;;;
3;79;20/04/2020;2;2;2;0;;;;;;;
3;89;20/04/2020;1;0;1;0;;;;;;;
3;90;20/04/2020;0;0;0;0;;;;;;;
4;0;20/04/2020;15;2;93;0;;;;;;;
4;9;20/04/2020;0;0;0;0;;;;;;;
4;19;20/04/2020;1;0;2;0;;;;;;;
4;29;20/04/2020;0;0;15;0;;;;;;;
4;39;20/04/2020;0;0;12;0;;;;;;;
4;49;20/04/2020;1;0;10;0;;;;;;;
4;59;20/04/2020;1;1;19;0;;;;;;;
4;69;20/04/2020;3;1;19;0;;;;;;;
4;79;20/04/2020;3;0;13;0;;;;;;;
4;89;20/04/2020;5;0;3;0;;;;;;;
4;90;20/04/2020;0;0;0;0;;;;;;;
6;0;20/04/2020;22;4;47;6;;;;;;;
6;9;20/04/2020;0;0;0;0;;;;;;;
6;19;20/04/2020;1;1;2;0;;;;;;;
6;29;20/04/2020;0;0;6;0;;;;;;;
6;39;20/04/2020;2;0;5;0;;;;;;;
6;49;20/04/2020;6;1;11;1;;;;;;;
6;59;20/04/2020;4;0;11;2;;;;;;;
6;69;20/04/2020;5;2;7;0;;;;;;;
6;79;20/04/2020;1;0;2;1;;;;;;;
6;89;20/04/2020;3;0;2;2;;;;;;;
6;90;20/04/2020;0;0;0;0;;;;;;;
11;0;20/04/2020;12474;2210;13095;4942;;;;;;18%;40%
11;9;20/04/2020;0;0;0;1;;0,00%;0,00%;0,00%;0,02%;;
11;19;20/04/2020;35;8;83;3;;0,28%;0,37%;0,65%;0,06%;23%;9%
11;29;20/04/2020;145;25;486;10;;1,18%;1,14%;3,81%;0,20%;17%;7%
11;39;20/04/2020;418;102;1186;33;;3,39%;4,66%;9,30%;0,67%;24%;8%
11;49;20/04/2020;830;238;1840;92;;6,73%;10,88%;14,43%;1,88%;29%;11%
11;59;20/04/2020;1656;583;2730;337;;13,43%;26,65%;21,41%;6,88%;35%;20%
11;69;20/04/2020;2293;720;2712;702;;18,59%;32,91%;21,27%;14,32%;31%;31%
11;79;20/04/2020;2553;451;2023;1205;;20,70%;20,61%;15,87%;24,59%;18%;47%
11;89;20/04/2020;2810;54;1298;1596;;22,78%;2,47%;10,18%;32,56%;2%;57%
11;90;20/04/2020;1595;7;393;922;;12,93%;0,32%;3,08%;18,81%;0%;58%
24;0;20/04/2020;960;171;896;298;;;;;;;
24;9;20/04/2020;0;0;0;0;;;;;;;
24;19;20/04/2020;0;0;11;0;;;;;;;
24;29;20/04/2020;5;1;29;0;;;;;;;
24;39;20/04/2020;16;6;49;2;;;;;;;
24;49;20/04/2020;26;9;107;3;;;;;;;
24;59;20/04/2020;62;24;141;6;;;;;;;
24;69;20/04/2020;152;54;169;22;;;;;;;
24;79;20/04/2020;221;62;170;49;;;;;;;
24;89;20/04/2020;285;11;141;120;;;;;;;
24;90;20/04/2020;187;4;54;94;;;;;;;
27;0;20/04/2020;1334;238;1864;677;;;;;;;
27;9;20/04/2020;0;0;0;0;;;;;;;
27;19;20/04/2020;5;0;15;0;;;;;;;
27;29;20/04/2020;3;1;63;0;;;;;;;
27;39;20/04/2020;9;1;123;2;;;;;;;
27;49;20/04/2020;22;8;192;4;;;;;;;
27;59;20/04/2020;97;35;291;15;;;;;;;
27;69;20/04/2020;211;74;344;58;;;;;;;
27;79;20/04/2020;334;95;354;138;;;;;;;
27;89;20/04/2020;433;21;354;313;;;;;;;
27;90;20/04/2020;216;2;112;145;;;;;;;
28;0;20/04/2020;663;143;821;283;;;;;;;
28;9;20/04/2020;0;0;0;0;;;;;;;
28;19;20/04/2020;2;0;4;0;;;;;;;
28;29;20/04/2020;4;1;34;0;;;;;;;
28;39;20/04/2020;16;7;70;1;;;;;;;
28;49;20/04/2020;30;12;100;7;;;;;;;
28;59;20/04/2020;65;22;156;12;;;;;;;
28;69;20/04/2020;125;34;166;43;;;;;;;
28;79;20/04/2020;169;55;148;60;;;;;;;
28;89;20/04/2020;170;11;106;114;;;;;;;
28;90;20/04/2020;80;0;27;46;;;;;;;
32;0;20/04/2020;2578;473;2909;1127;;;;;;;
32;9;20/04/2020;0;0;0;0;;;;;;;
32;19;20/04/2020;10;0;11;0;;;;;;;
32;29;20/04/2020;24;4;136;1;;;;;;;
32;39;20/04/2020;49;10;252;2;;;;;;;
32;49;20/04/2020;116;35;385;9;;;;;;;
32;59;20/04/2020;252;86;555;46;;;;;;;
32;69;20/04/2020;470;161;519;144;;;;;;;
32;79;20/04/2020;598;142;500;253;;;;;;;
32;89;20/04/2020;730;30;379;451;;;;;;;
32;90;20/04/2020;307;2;129;216;;;;;;;
44;0;20/04/2020;4592;740;6219;2515;;;;;;;
44;9;20/04/2020;0;0;0;0;;;;;;;
44;19;20/04/2020;11;1;47;0;;;;;;;
44;29;20/04/2020;37;9;215;2;;;;;;;
44;39;20/04/2020;78;18;348;14;;;;;;;
44;49;20/04/2020;166;45;556;26;;;;;;;
44;59;20/04/2020;428;131;1037;65;;;;;;;
44;69;20/04/2020;835;255;1299;260;;;;;;;
44;79;20/04/2020;1089;235;1261;637;;;;;;;
44;89;20/04/2020;1296;39;989;1045;;;;;;;
44;90;20/04/2020;609;1;289;458;;;;;;;
52;0;20/04/2020;775;123;957;268;;;;;;;
52;9;20/04/2020;0;0;0;0;;;;;;;
52;19;20/04/2020;0;0;3;0;;;;;;;
52;29;20/04/2020;4;1;42;0;;;;;;;
52;39;20/04/2020;15;5;66;0;;;;;;;
52;49;20/04/2020;22;11;125;3;;;;;;;
52;59;20/04/2020;59;18;156;7;;;;;;;
52;69;20/04/2020;140;43;188;22;;;;;;;
52;79;20/04/2020;168;41;193;45;;;;;;;
52;89;20/04/2020;237;4;149;111;;;;;;;
52;90;20/04/2020;128;0;31;80;;;;;;;
53;0;20/04/2020;455;83;650;189;;;;;;;
53;9;20/04/2020;0;0;0;0;;;;;;;
53;19;20/04/2020;1;0;4;0;;;;;;;
53;29;20/04/2020;2;1;22;0;;;;;;;
53;39;20/04/2020;9;0;55;0;;;;;;;
53;49;20/04/2020;29;5;73;0;;;;;;;
53;59;20/04/2020;49;13;111;2;;;;;;;
53;69;20/04/2020;74;32;125;23;;;;;;;
53;79;20/04/2020;107;30;149;42;;;;;;;
53;89;20/04/2020;112;2;84;70;;;;;;;
53;90;20/04/2020;67;0;18;52;;;;;;;
75;0;20/04/2020;838;191;1083;259;;;;;;;
75;9;20/04/2020;0;0;0;0;;;;;;;
75;19;20/04/2020;5;1;7;0;;;;;;;
75;29;20/04/2020;7;3;50;1;;;;;;;
75;39;20/04/2020;11;3;78;0;;;;;;;
75;49;20/04/2020;30;10;111;1;;;;;;;
75;59;20/04/2020;81;34;208;9;;;;;;;
75;69;20/04/2020;152;60;238;19;;;;;;;
75;79;20/04/2020;181;61;174;59;;;;;;;
75;89;20/04/2020;235;18;142;103;;;;;;;
75;90;20/04/2020;132;1;58;66;;;;;;;
76;0;20/04/2020;893;234;1728;312;;;;;;;
76;9;20/04/2020;0;0;0;0;;;;;;;
76;19;20/04/2020;2;1;14;0;;;;;;;
76;29;20/04/2020;4;1;80;1;;;;;;;
76;39;20/04/2020;7;0;129;1;;;;;;;
76;49;20/04/2020;23;3;220;1;;;;;;;
76;59;20/04/2020;90;40;318;11;;;;;;;
76;69;20/04/2020;159;78;318;32;;;;;;;
76;79;20/04/2020;223;91;324;64;;;;;;;
76;89;20/04/2020;239;16;210;136;;;;;;;
76;90;20/04/2020;146;4;97;66;;;;;;;
84;0;20/04/2020;2936;576;3904;1062;;;;;;;
84;9;20/04/2020;0;0;0;0;;;;;;;
84;19;20/04/2020;8;4;30;0;;;;;;;
84;29;20/04/2020;25;2;162;0;;;;;;;
84;39;20/04/2020;37;10;268;4;;;;;;;
84;49;20/04/2020;87;22;401;10;;;;;;;
84;59;20/04/2020;221;75;674;28;;;;;;;
84;69;20/04/2020;444;190;738;71;;;;;;;
84;79;20/04/2020;726;218;715;217;;;;;;;
84;89;20/04/2020;842;40;614;459;;;;;;;
84;90;20/04/2020;512;3;211;257;;;;;;;
93;0;20/04/2020;1786;355;2834;499;;;;;;;
93;9;20/04/2020;0;0;0;0;;;;;;;
93;19;20/04/2020;3;0;37;0;;;;;;;
93;29;20/04/2020;35;3;187;1;;;;;;;
93;39;20/04/2020;53;8;268;1;;;;;;;
93;49;20/04/2020;82;21;376;3;;;;;;;
93;59;20/04/2020;185;53;558;23;;;;;;;
93;69;20/04/2020;267;97;567;38;;;;;;;
93;79;20/04/2020;411;126;406;114;;;;;;;
93;89;20/04/2020;481;41;276;204;;;;;;;
93;90;20/04/2020;263;5;116;111;;;;;;;
94;0;20/04/2020;70;13;152;47;;;;;;;
94;9;20/04/2020;0;0;0;0;;;;;;;
94;19;20/04/2020;0;0;1;0;;;;;;;
94;29;20/04/2020;0;0;14;0;;;;;;;
94;39;20/04/2020;0;0;16;0;;;;;;;
94;49;20/04/2020;2;1;20;1;;;;;;;
94;59;20/04/2020;7;1;25;1;;;;;;;
94;69;20/04/2020;13;3;25;1;;;;;;;
94;79;20/04/2020;25;8;20;13;;;;;;;
94;89;20/04/2020;16;0;18;23;;;;;;;
94;90;20/04/2020;7;0;7;8;;;;;;;
;;;;;;;;;;;;;
;;;12335;2188;12751;4901;;;;;;;